"location_fips_code","location_name","location_type","population","state","county","metro"
"0","United States","National",331097593,"","",""
"06","California","State",39356104,"California","",""
"48","Texas","State",29243342,"Texas","",""
"12","Florida","State",21634529,"Florida","",""
"36","New York","State",19994379,"New York","",""
"35620","New York-Newark-Jersey City, NY-NJ-PA","Metro",19908595,"","","New York-Newark-Jersey City, NY-NJ-PA"
"31080","Los Angeles-Long Beach-Anaheim, CA","Metro",13111917,"","","Los Angeles-Long Beach-Anaheim, CA"
"42","Pennsylvania","State",12989208,"Pennsylvania","",""
"17","Illinois","State",12757634,"Illinois","",""
"39","Ohio","State",11774683,"Ohio","",""
"13","Georgia","State",10722325,"Georgia","",""
"37","North Carolina","State",10470214,"North Carolina","",""
"26","Michigan","State",10057921,"Michigan","",""
"06037","Los Angeles County, CA","County",9936690,"California","Los Angeles County","Los Angeles-Long Beach-Anaheim, CA"
"16980","Chicago-Naperville-Elgin, IL-IN-WI","Metro",9566955,"","","Chicago-Naperville-Elgin, IL-IN-WI"
"34","New Jersey","State",9249063,"New Jersey","",""
"51","Virginia","State",8624511,"Virginia","",""
"3651000","New York City, NY","City",8622467,"New York","New York County","New York-Newark-Jersey City, NY-NJ-PA"
"53","Washington","State",7688549,"Washington","",""
"19100","Dallas-Fort Worth-Arlington, TX","Metro",7673379,"","","Dallas-Fort Worth-Arlington, TX"
"04","Arizona","State",7172282,"Arizona","",""
"26420","Houston-The Woodlands-Sugar Land, TX","Metro",7142603,"","","Houston-The Woodlands-Sugar Land, TX"
"25","Massachusetts","State",6984205,"Massachusetts","",""
"47","Tennessee","State",6923772,"Tennessee","",""
"18","Indiana","State",6784403,"Indiana","",""
"47900","Washington-Arlington-Alexandria, DC-VA-MD-WV","Metro",6346083,"","","Washington-Arlington-Alexandria, DC-VA-MD-WV"
"37980","Philadelphia-Camden-Wilmington, PA-NJ-DE-MD","Metro",6232894,"","","Philadelphia-Camden-Wilmington, PA-NJ-DE-MD"
"24","Maryland","State",6161707,"Maryland","",""
"29","Missouri","State",6154422,"Missouri","",""
"33100","Miami-Fort Lauderdale-Pompano Beach, FL","Metro",6123949,"","","Miami-Fort Lauderdale-Pompano Beach, FL"
"12060","Atlanta-Sandy Springs-Alpharetta, GA","Metro",6094752,"","","Atlanta-Sandy Springs-Alpharetta, GA"
"55","Wisconsin","State",5882128,"Wisconsin","",""
"08","Colorado","State",5770790,"Colorado","",""
"27","Minnesota","State",5695292,"Minnesota","",""
"17031","Cook County, IL","County",5225367,"Illinois","Cook County","Chicago-Naperville-Elgin, IL-IN-WI"
"45","South Carolina","State",5142750,"South Carolina","",""
"01","Alabama","State",5028092,"Alabama","",""
"14460","Boston-Cambridge-Newton, MA-NH","Metro",4912449,"","","Boston-Cambridge-Newton, MA-NH"
"38060","Phoenix-Mesa-Chandler, AZ","Metro",4864209,"","","Phoenix-Mesa-Chandler, AZ"
"48201","Harris County, TX","County",4726177,"Texas","Harris County","Houston-The Woodlands-Sugar Land, TX"
"41860","San Francisco-Oakland-Berkeley, CA","Metro",4692242,"","","San Francisco-Oakland-Berkeley, CA"
"22","Louisiana","State",4640546,"Louisiana","",""
"40140","Riverside-San Bernardino-Ontario, CA","Metro",4610050,"","","Riverside-San Bernardino-Ontario, CA"
"21","Kentucky","State",4502935,"Kentucky","",""
"04013","Maricopa County, AZ","County",4430871,"Arizona","Maricopa County","Phoenix-Mesa-Chandler, AZ"
"19820","Detroit-Warren-Dearborn, MI","Metro",4375604,"","","Detroit-Warren-Dearborn, MI"
"41","Oregon","State",4229374,"Oregon","",""
"42660","Seattle-Tacoma-Bellevue, WA","Metro",4001701,"","","Seattle-Tacoma-Bellevue, WA"
"40","Oklahoma","State",3970497,"Oklahoma","",""
"0644000","Los Angeles, CA","City",3881041,"California","Los Angeles County","Los Angeles-Long Beach-Anaheim, CA"
"33460","Minneapolis-St. Paul-Bloomington, MN-WI","Metro",3678328,"","","Minneapolis-St. Paul-Bloomington, MN-WI"
"09","Connecticut","State",3611317,"Connecticut","",""
"41740","San Diego-Chula Vista-Carlsbad, CA","Metro",3289701,"","","San Diego-Chula Vista-Carlsbad, CA"
"06073","San Diego County, CA","County",3289701,"California","San Diego County","San Diego-Chula Vista-Carlsbad, CA"
"49","Utah","State",3283809,"Utah","",""
"45300","Tampa-St. Petersburg-Clearwater, FL","Metro",3194310,"","","Tampa-St. Petersburg-Clearwater, FL"
"19","Iowa","State",3188836,"Iowa","",""
"06059","Orange County, CA","County",3175227,"California","Orange County","Los Angeles-Long Beach-Anaheim, CA"
"32","Nevada","State",3104817,"Nevada","",""
"05","Arkansas","State",3018669,"Arkansas","",""
"19740","Denver-Aurora-Lakewood, CO","Metro",2959386,"","","Denver-Aurora-Lakewood, CO"
"28","Mississippi","State",2958846,"Mississippi","",""
"20","Kansas","State",2935922,"Kansas","",""
"12580","Baltimore-Columbia-Towson, MD","Metro",2840005,"","","Baltimore-Columbia-Towson, MD"
"41180","St. Louis, MO-IL","Metro",2813523,"","","St. Louis, MO-IL"
"1714000","Chicago, IL","City",2721914,"Illinois","Cook County","Chicago-Naperville-Elgin, IL-IN-WI"
"12086","Miami-Dade County, FL","County",2688237,"Florida","Miami-Dade County","Miami-Fort Lauderdale-Pompano Beach, FL"
"36047","Kings County, NY","County",2679620,"New York","Kings County","New York-Newark-Jersey City, NY-NJ-PA"
"36740","Orlando-Kissimmee-Sanford, FL","Metro",2679298,"","","Orlando-Kissimmee-Sanford, FL"
"16740","Charlotte-Concord-Gastonia, NC-SC","Metro",2668688,"","","Charlotte-Concord-Gastonia, NC-SC"
"48113","Dallas County, TX","County",2604053,"Texas","Dallas County","Dallas-Fort Worth-Arlington, TX"
"41700","San Antonio-New Braunfels, TX","Metro",2570862,"","","San Antonio-New Braunfels, TX"
"38900","Portland-Vancouver-Hillsboro, OR-WA","Metro",2505312,"","","Portland-Vancouver-Hillsboro, OR-WA"
"06065","Riverside County, CA","County",2429487,"California","Riverside County","Riverside-San Bernardino-Ontario, CA"
"40900","Sacramento-Roseville-Folsom, CA","Metro",2394673,"","","Sacramento-Roseville-Folsom, CA"
"38300","Pittsburgh, PA","Metro",2365501,"","","Pittsburgh, PA"
"12420","Austin-Round Rock-Georgetown, TX","Metro",2296377,"","","Austin-Round Rock-Georgetown, TX"
"4835000","Houston, TX","City",2296253,"Texas","Harris County","Houston-The Woodlands-Sugar Land, TX"
"29820","Las Vegas-Henderson-Paradise, NV","Metro",2265926,"","","Las Vegas-Henderson-Paradise, NV"
"32003","Clark County, NV","County",2265926,"Nevada","Clark County","Las Vegas-Henderson-Paradise, NV"
"53033","King County, WA","County",2254371,"Washington","King County","Seattle-Tacoma-Bellevue, WA"
"17140","Cincinnati, OH-KY-IN","Metro",2253528,"","","Cincinnati, OH-KY-IN"
"28140","Kansas City, MO-KS","Metro",2190750,"","","Kansas City, MO-KS"
"06071","San Bernardino County, CA","County",2180563,"California","San Bernardino County","Riverside-San Bernardino-Ontario, CA"
"18140","Columbus, OH","Metro",2137223,"","","Columbus, OH"
"48439","Tarrant County, TX","County",2113854,"Texas","Tarrant County","Dallas-Fort Worth-Arlington, TX"
"35","New Mexico","State",2112463,"New Mexico","",""
"26900","Indianapolis-Carmel-Anderson, IN","Metro",2109957,"","","Indianapolis-Carmel-Anderson, IN"
"17460","Cleveland-Elyria, OH","Metro",2079759,"","","Cleveland-Elyria, OH"
"48029","Bexar County, TX","County",2014059,"Texas","Bexar County","San Antonio-New Braunfels, TX"
"34980","Nashville-Davidson--Murfreesboro--Franklin, TN","Metro",1990873,"","","Nashville-Davidson--Murfreesboro--Franklin, TN"
"41940","San Jose-Sunnyvale-Santa Clara, CA","Metro",1981584,"","","San Jose-Sunnyvale-Santa Clara, CA"
"31","Nebraska","State",1958939,"Nebraska","",""
"12011","Broward County, FL","County",1940907,"Florida","Broward County","Miami-Fort Lauderdale-Pompano Beach, FL"
"06085","Santa Clara County, CA","County",1916831,"California","Santa Clara County","San Jose-Sunnyvale-Santa Clara, CA"
"16","Idaho","State",1854109,"Idaho","",""
"47260","Virginia Beach-Norfolk-Newport News, VA-NC","Metro",1798025,"","","Virginia Beach-Norfolk-Newport News, VA-NC"
"54","West Virginia","State",1792967,"West Virginia","",""
"26163","Wayne County, MI","County",1781641,"Michigan","Wayne County","Detroit-Warren-Dearborn, MI"
"39300","Providence-Warwick, RI-MA","Metro",1670949,"","","Providence-Warwick, RI-MA"
"06001","Alameda County, CA","County",1663823,"California","Alameda County","San Francisco-Oakland-Berkeley, CA"
"36061","New York County, NY","County",1645867,"New York","New York County","New York-Newark-Jersey City, NY-NJ-PA"
"25017","Middlesex County, MA","County",1623109,"Massachusetts","Middlesex County","Boston-Cambridge-Newton, MA-NH"
"27260","Jacksonville, FL","Metro",1613587,"","","Jacksonville, FL"
"0455000","Phoenix, AZ","City",1609456,"Arizona","Maricopa County","Phoenix-Mesa-Chandler, AZ"
"4260000","Philadelphia, PA","City",1593208,"Pennsylvania","Philadelphia County","Philadelphia-Camden-Wilmington, PA-NJ-DE-MD"
"42101","Philadelphia County, PA","County",1593208,"Pennsylvania","Philadelphia County","Philadelphia-Camden-Wilmington, PA-NJ-DE-MD"
"06067","Sacramento County, CA","County",1579211,"California","Sacramento County","Sacramento-Roseville-Folsom, CA"
"33340","Milwaukee-Waukesha, WI","Metro",1568940,"","","Milwaukee-Waukesha, WI"
"36103","Suffolk County, NY","County",1524486,"New York","Suffolk County","New York-Newark-Jersey City, NY-NJ-PA"
"12099","Palm Beach County, FL","County",1494805,"Florida","Palm Beach County","Miami-Fort Lauderdale-Pompano Beach, FL"
"12057","Hillsborough County, FL","County",1468560,"Florida","Hillsborough County","Tampa-St. Petersburg-Clearwater, FL"
"15","Hawaii","State",1450589,"Hawaii","",""
"4865000","San Antonio, TX","City",1445662,"Texas","Bexar County","San Antonio-New Braunfels, TX"
"36420","Oklahoma City, OK","Metro",1428923,"","","Oklahoma City, OK"
"12095","Orange County, FL","County",1427403,"Florida","Orange County","Orlando-Kissimmee-Sanford, FL"
"39580","Raleigh-Cary, NC","Metro",1420825,"","","Raleigh-Cary, NC"
"36059","Nassau County, NY","County",1389160,"New York","Nassau County","New York-Newark-Jersey City, NY-NJ-PA"
"0666000","San Diego, CA","City",1383987,"California","San Diego County","San Diego-Chula Vista-Carlsbad, CA"
"33","New Hampshire","State",1379610,"New Hampshire","",""
"23","Maine","State",1366949,"Maine","",""
"32820","Memphis, TN-MS-AR","Metro",1335804,"","","Memphis, TN-MS-AR"
"39049","Franklin County, OH","County",1318149,"Ohio","Franklin County","Columbus, OH"
"40060","Richmond, VA","Metro",1316145,"","","Richmond, VA"
"4819000","Dallas, TX","City",1300642,"Texas","Dallas County","Dallas-Fort Worth-Arlington, TX"
"48453","Travis County, TX","County",1289054,"Texas","Travis County","Austin-Round Rock-Georgetown, TX"
"31140","Louisville/Jefferson County, KY-IN","Metro",1282588,"","","Louisville/Jefferson County, KY-IN"
"26125","Oakland County, MI","County",1272264,"Michigan","Oakland County","Detroit-Warren-Dearborn, MI"
"27053","Hennepin County, MN","County",1270787,"Minnesota","Hennepin County","Minneapolis-St. Paul-Bloomington, MN-WI"
"35380","New Orleans-Metairie, LA","Metro",1264357,"","","New Orleans-Metairie, LA"
"39035","Cuyahoga County, OH","County",1256620,"Ohio","Cuyahoga County","Cleveland-Elyria, OH"
"41620","Salt Lake City, UT","Metro",1254675,"","","Salt Lake City, UT"
"42003","Allegheny County, PA","County",1245310,"Pennsylvania","Allegheny County","Pittsburgh, PA"
"25540","Hartford-East Hartford-Middletown, CT","Metro",1215703,"","","Hartford-East Hartford-Middletown, CT"
"49035","Salt Lake County, UT","County",1180643,"Utah","Salt Lake County","Salt Lake City, UT"
"15380","Buffalo-Cheektowaga, NY","Metro",1163462,"","","Buffalo-Cheektowaga, NY"
"06013","Contra Costa County, CA","County",1162648,"California","Contra Costa County","San Francisco-Oakland-Berkeley, CA"
"51059","Fairfax County, VA","County",1145354,"Virginia","Fairfax County","Washington-Arlington-Alexandria, DC-VA-MD-WV"
"37183","Wake County, NC","County",1132103,"North Carolina","Wake County","Raleigh-Cary, NC"
"37119","Mecklenburg County, NC","County",1115403,"North Carolina","Mecklenburg County","Charlotte-Concord-Gastonia, NC-SC"
"13820","Birmingham-Hoover, AL","Metro",1114368,"","","Birmingham-Hoover, AL"
"44","Rhode Island","State",1094250,"Rhode Island","",""
"30","Montana","State",1091840,"Montana","",""
"24340","Grand Rapids-Kentwood, MI","Metro",1087068,"","","Grand Rapids-Kentwood, MI"
"48085","Collin County, TX","County",1079153,"Texas","Collin County","Dallas-Fort Worth-Arlington, TX"
"13121","Fulton County, GA","County",1061944,"Georgia","Fulton County","Atlanta-Sandy Springs-Alpharetta, GA"
"24031","Montgomery County, MD","County",1056910,"Maryland","Montgomery County","Washington-Arlington-Alexandria, DC-VA-MD-WV"
"46060","Tucson, AZ","Metro",1042393,"","","Tucson, AZ"
"04019","Pima County, AZ","County",1042393,"Arizona","Pima County","Tucson, AZ"
"46140","Tulsa, OK","Metro",1017724,"","","Tulsa, OK"
"46520","Urban Honolulu, HI","Metro",1010100,"","","Urban Honolulu, HI"
"15003","Honolulu County, HI","County",1010100,"Hawaii","Honolulu County","Urban Honolulu, HI"
"23420","Fresno, CA","Metro",1008280,"","","Fresno, CA"
"06019","Fresno County, CA","County",1008280,"California","Fresno County","Fresno, CA"
"0668000","San Jose, CA","City",1001176,"California","Santa Clara County","San Jose-Sunnyvale-Santa Clara, CA"
"29189","St. Louis County, MO","County",999703,"Missouri","St. Louis County","St. Louis, MO-IL"
"36119","Westchester County, NY","County",997904,"New York","Westchester County","New York-Newark-Jersey City, NY-NJ-PA"
"12031","Duval County, FL","County",995708,"Florida","Duval County","Jacksonville, FL"
"10","Delaware","State",993635,"Delaware","",""
"49340","Worcester, MA-CT","Metro",975551,"","","Worcester, MA-CT"
"18097","Marion County, IN","County",971737,"Indiana","Marion County","Indianapolis-Carmel-Anderson, IN"
"36540","Omaha-Council Bluffs, NE-IA","Metro",966688,"","","Omaha-Council Bluffs, NE-IA"
"12103","Pinellas County, FL","County",959918,"Florida","Pinellas County","Tampa-St. Petersburg-Clearwater, FL"
"14860","Bridgeport-Stamford-Norwalk, CT","Metro",958371,"","","Bridgeport-Stamford-Norwalk, CT"
"4805000","Austin, TX","City",958202,"Texas","Travis County","Austin-Round Rock-Georgetown, TX"
"13135","Gwinnett County, GA","County",957977,"Georgia","Gwinnett County","Atlanta-Sandy Springs-Alpharetta, GA"
"24033","Prince George's County, MD","County",957189,"Maryland","Prince George's County","Washington-Arlington-Alexandria, DC-VA-MD-WV"
"34003","Bergen County, NJ","County",953243,"New Jersey","Bergen County","New York-Newark-Jersey City, NY-NJ-PA"
"36029","Erie County, NY","County",951232,"New York","Erie County","Buffalo-Cheektowaga, NY"
"1235000","Jacksonville, FL","City",950203,"Florida","Duval County","Jacksonville, FL"
"55079","Milwaukee County, WI","County",933063,"Wisconsin","Milwaukee County","Milwaukee-Waukesha, WI"
"24860","Greenville-Anderson, SC","Metro",931405,"","","Greenville-Anderson, SC"
"17043","DuPage County, IL","County",930559,"Illinois","DuPage County","Chicago-Naperville-Elgin, IL-IN-WI"
"47157","Shelby County, TN","County",926440,"Tennessee","Shelby County","Memphis, TN-MS-AR"
"4827000","Fort Worth, TX","City",924663,"Texas","Tarrant County","Dallas-Fort Worth-Arlington, TX"
"53053","Pierce County, WA","County",918993,"Washington","Pierce County","Seattle-Tacoma-Bellevue, WA"
"10740","Albuquerque, NM","Metro",915968,"","","Albuquerque, NM"
"48121","Denton County, TX","County",914870,"Texas","Denton County","Dallas-Fort Worth-Arlington, TX"
"3918000","Columbus, OH","City",902449,"Ohio","Franklin County","Columbus, OH"
"10580","Albany-Schenectady-Troy, NY","Metro",901729,"","","Albany-Schenectady-Troy, NY"
"46","South Dakota","State",890342,"South Dakota","",""
"28940","Knoxville, TN","Metro",884359,"","","Knoxville, TN"
"1836003","Indianapolis, IN","City",882006,"Indiana","Marion County","Indianapolis-Carmel-Anderson, IN"
"26099","Macomb County, MI","County",878453,"Michigan","Macomb County","Detroit-Warren-Dearborn, MI"
"3712000","Charlotte, NC","City",875045,"North Carolina","Mecklenburg County","Charlotte-Concord-Gastonia, NC-SC"
"32580","McAllen-Edinburg-Mission, TX","Metro",873167,"","","McAllen-Edinburg-Mission, TX"
"48215","Hidalgo County, TX","County",873167,"Texas","Hidalgo County","McAllen-Edinburg-Mission, TX"
"12940","Baton Rouge, LA","Metro",869755,"","","Baton Rouge, LA"
"21340","El Paso, TX","Metro",867161,"","","El Paso, TX"
"35300","New Haven-Milford, CT","Metro",866377,"","","New Haven-Milford, CT"
"48141","El Paso County, TX","County",863832,"Texas","El Paso County","El Paso, TX"
"10900","Allentown-Bethlehem-Easton, PA-NJ","Metro",863166,"","","Allentown-Bethlehem-Easton, PA-NJ"
"34023","Middlesex County, NJ","County",860147,"New Jersey","Middlesex County","New York-Newark-Jersey City, NY-NJ-PA"
"25027","Worcester County, MA","County",858898,"Massachusetts","Worcester County","Worcester, MA-CT"
"42091","Montgomery County, PA","County",856399,"Pennsylvania","Montgomery County","Philadelphia-Camden-Wilmington, PA-NJ-DE-MD"
"34013","Essex County, NJ","County",853374,"New Jersey","Essex County","New York-Newark-Jersey City, NY-NJ-PA"
"0667000","San Francisco, CA","City",851036,"California","San Francisco County","San Francisco-Oakland-Berkeley, CA"
"06075","San Francisco County, CA","County",851036,"California","San Francisco County","San Francisco-Oakland-Berkeley, CA"
"24005","Baltimore County, MD","County",850737,"Maryland","Baltimore County","Baltimore-Columbia-Towson, MD"
"35840","North Port-Sarasota-Bradenton, FL","Metro",844461,"","","North Port-Sarasota-Bradenton, FL"
"37100","Oxnard-Thousand Oaks-Ventura, CA","Metro",842009,"","","Oxnard-Thousand Oaks-Ventura, CA"
"06111","Ventura County, CA","County",842009,"California","Ventura County","Oxnard-Thousand Oaks-Ventura, CA"
"48157","Fort Bend County, TX","County",832607,"Texas","Fort Bend County","Houston-The Woodlands-Sugar Land, TX"
"17900","Columbia, SC","Metro",831913,"","","Columbia, SC"
"53061","Snohomish County, WA","County",828337,"Washington","Snohomish County","Seattle-Tacoma-Bellevue, WA"
"39061","Hamilton County, OH","County",827671,"Ohio","Hamilton County","Cincinnati, OH-KY-IN"
"19430","Dayton-Kettering, OH","Metro",812506,"","","Dayton-Kettering, OH"
"41051","Multnomah County, OR","County",808098,"Oregon","Multnomah County","Portland-Vancouver-Hillsboro, OR-WA"
"25009","Essex County, MA","County",806103,"Massachusetts","Essex County","Boston-Cambridge-Newton, MA-NH"
"16700","Charleston-North Charleston, SC","Metro",803398,"","","Charleston-North Charleston, SC"
"40109","Oklahoma County, OK","County",795822,"Oklahoma","Oklahoma County","Oklahoma City, OK"
"25025","Suffolk County, MA","County",785443,"Massachusetts","Suffolk County","Boston-Cambridge-Newton, MA-NH"
"44700","Stockton, CA","Metro",779445,"","","Stockton, CA"
"06077","San Joaquin County, CA","County",779445,"California","San Joaquin County","Stockton, CA"
"21111","Jefferson County, KY","County",779232,"Kentucky","Jefferson County","Louisville/Jefferson County, KY-IN"
"38","North Dakota","State",776874,"North Dakota","",""
"24660","Greensboro-High Point, NC","Metro",775169,"","","Greensboro-High Point, NC"
"15980","Cape Coral-Fort Myers, FL","Metro",772902,"","","Cape Coral-Fort Myers, FL"
"12071","Lee County, FL","County",772902,"Florida","Lee County","Cape Coral-Fort Myers, FL"
"14260","Boise City, ID","Metro",771602,"","","Boise City, ID"
"13067","Cobb County, GA","County",765813,"Georgia","Cobb County","Atlanta-Sandy Springs-Alpharetta, GA"
"13089","DeKalb County, GA","County",761209,"Georgia","DeKalb County","Atlanta-Sandy Springs-Alpharetta, GA"
"17820","Colorado Springs, CO","Metro",755081,"","","Colorado Springs, CO"
"06081","San Mateo County, CA","County",754250,"California","San Mateo County","San Francisco-Oakland-Berkeley, CA"
"30780","Little Rock-North Little Rock-Conway, AR","Metro",749290,"","","Little Rock-North Little Rock-Conway, AR"
"29460","Lakeland-Winter Haven, FL","Metro",736229,"","","Lakeland-Winter Haven, FL"
"12105","Polk County, FL","County",736229,"Florida","Polk County","Lakeland-Winter Haven, FL"
"02","Alaska","State",734821,"Alaska","",""
"5363000","Seattle, WA","City",734603,"Washington","King County","Seattle-Tacoma-Bellevue, WA"
"08041","El Paso County, CO","County",730323,"Colorado","El Paso County","Colorado Springs, CO"
"25021","Norfolk County, MA","County",722112,"Massachusetts","Norfolk County","Boston-Cambridge-Newton, MA-NH"
"29095","Jackson County, MO","County",715526,"Missouri","Jackson County","Kansas City, MO-KS"
"17097","Lake County, IL","County",713159,"Illinois","Lake County","Chicago-Naperville-Elgin, IL-IN-WI"
"34017","Hudson County, NJ","County",712029,"New Jersey","Hudson County","New York-Newark-Jersey City, NY-NJ-PA"
"19780","Des Moines-West Des Moines, IA","Metro",711490,"","","Des Moines-West Des Moines, IA"
"0820000","Denver, CO","City",710800,"Colorado","Denver County","Denver-Aurora-Lakewood, CO"
"08031","Denver County, CO","County",710800,"Colorado","Denver County","Denver-Aurora-Lakewood, CO"
"47037","Davidson County, TN","County",709786,"Tennessee","Davidson County","Nashville-Davidson--Murfreesboro--Franklin, TN"
"10420","Akron, OH","Metro",700578,"","","Akron, OH"
"17197","Will County, IL","County",696774,"Illinois","Will County","Chicago-Naperville-Elgin, IL-IN-WI"
"36260","Ogden-Clearfield, UT","Metro",696650,"","","Ogden-Clearfield, UT"
"4752006","Nashville, TN","City",684103,"Tennessee","Davidson County","Nashville-Davidson--Murfreesboro--Franklin, TN"
"4055000","Oklahoma City, OK","City",681088,"Oklahoma","Oklahoma County","Oklahoma City, OK"
"31540","Madison, WI","Metro",678995,"","","Madison, WI"
"49180","Winston-Salem, NC","Metro",678243,"","","Winston-Salem, NC"
"39340","Provo-Orem, UT","Metro",677964,"","","Provo-Orem, UT"
"4824000","El Paso, TX","City",677181,"Texas","El Paso County","El Paso, TX"
"19660","Deltona-Daytona Beach-Ormond Beach, FL","Metro",676035,"","","Deltona-Daytona Beach-Ormond Beach, FL"
"35001","Bernalillo County, NM","County",674692,"New Mexico","Bernalillo County","Albuquerque, NM"
"01073","Jefferson County, AL","County",672265,"Alabama","Jefferson County","Birmingham-Hoover, AL"
"11","District of Columbia","State",670587,"District of Columbia","",""
"1150000","Washington, DC","City",670587,"District of Columbia","District of Columbia","Washington-Arlington-Alexandria, DC-VA-MD-WV"
"11001","District of Columbia County, DC","County",670587,"District of Columbia","District of Columbia","Washington-Arlington-Alexandria, DC-VA-MD-WV"
"40143","Tulsa County, OK","County",668923,"Oklahoma","Tulsa County","Tulsa, OK"
"49049","Utah County, UT","County",666021,"Utah","Utah County","Provo-Orem, UT"
"2507000","Boston, MA","City",665945,"Massachusetts","Suffolk County","Boston-Cambridge-Newton, MA-NH"
"44007","Providence County, RI","County",657984,"Rhode Island","Providence County","Providence-Warwick, RI-MA"
"26081","Kent County, MI","County",657321,"Michigan","Kent County","Grand Rapids-Kentwood, MI"
"08005","Arapahoe County, CO","County",654453,"Colorado","Arapahoe County","Denver-Aurora-Lakewood, CO"
"20500","Durham-Chapel Hill, NC","Metro",648066,"","","Durham-Chapel Hill, NC"
"48620","Wichita, KS","Metro",646794,"","","Wichita, KS"
"4159000","Portland, OR","City",646101,"Oregon","Multnomah County","Portland-Vancouver-Hillsboro, OR-WA"
"42017","Bucks County, PA","County",645163,"Pennsylvania","Bucks County","Philadelphia-Camden-Wilmington, PA-NJ-DE-MD"
"3240000","Las Vegas, NV","City",644835,"Nevada","Clark County","Las Vegas-Henderson-Paradise, NV"
"45780","Toledo, OH","Metro",644547,"","","Toledo, OH"
"34025","Monmouth County, NJ","County",643064,"New Jersey","Monmouth County","New York-Newark-Jersey City, NY-NJ-PA"
"2622000","Detroit, MI","City",636787,"Michigan","Wayne County","Detroit-Warren-Dearborn, MI"
"4748000","Memphis, TN","City",630027,"Tennessee","Shelby County","Memphis, TN-MS-AR"
"48339","Montgomery County, TX","County",629989,"Texas","Montgomery County","Houston-The Woodlands-Sugar Land, TX"
"2148000","Louisville, KY","City",629176,"Kentucky","Jefferson County","Louisville/Jefferson County, KY-IN"
"48491","Williamson County, TX","County",617396,"Texas","Williamson County","Austin-Round Rock-Georgetown, TX"
"12260","Augusta-Richmond County, GA-SC","Metro",612898,"","","Augusta-Richmond County, GA-SC"
"20091","Johnson County, KS","County",610742,"Kansas","Johnson County","Kansas City, MO-KS"
"37340","Palm Bay-Melbourne-Titusville, FL","Metro",610723,"","","Palm Bay-Melbourne-Titusville, FL"
"12009","Brevard County, FL","County",610723,"Florida","Brevard County","Palm Bay-Melbourne-Titusville, FL"
"41067","Washington County, OR","County",599541,"Oregon","Washington County","Portland-Vancouver-Hillsboro, OR-WA"
"25420","Harrisburg-Carlisle, PA","Metro",593318,"","","Harrisburg-Carlisle, PA"
"27140","Jackson, MS","Metro",591397,"","","Jackson, MS"
"24003","Anne Arundel County, MD","County",588109,"Maryland","Anne Arundel County","Baltimore-Columbia-Towson, MD"
"44060","Spokane-Spokane Valley, WA","Metro",585485,"","","Spokane-Spokane Valley, WA"
"2404000","Baltimore, MD","City",584548,"Maryland","Baltimore city","Baltimore-Columbia-Towson, MD"
"31055","Douglas County, NE","County",582638,"Nebraska","Douglas County","Omaha-Council Bluffs, NE-IA"
"08059","Jefferson County, CO","County",580519,"Colorado","Jefferson County","Denver-Aurora-Lakewood, CO"
"56","Wyoming","State",577929,"Wyoming","",""
"25005","Bristol County, MA","County",576699,"Massachusetts","Bristol County","Providence-Warwick, RI-MA"
"42045","Delaware County, PA","County",575312,"Pennsylvania","Delaware County","Philadelphia-Camden-Wilmington, PA-NJ-DE-MD"
"5553000","Milwaukee, WI","City",573299,"Wisconsin","Milwaukee County","Milwaukee-Waukesha, WI"
"34039","Union County, NJ","County",572079,"New Jersey","Union County","New York-Newark-Jersey City, NY-NJ-PA"
"10003","New Castle County, DE","County",570567,"Delaware","New Castle County","Philadelphia-Camden-Wilmington, PA-NJ-DE-MD"
"12101","Pasco County, FL","County",569211,"Florida","Pasco County","Tampa-St. Petersburg-Clearwater, FL"
"16860","Chattanooga, TN-GA","Metro",564466,"","","Chattanooga, TN-GA"
"3502000","Albuquerque, NM","City",562551,"New Mexico","Bernalillo County","Albuquerque, NM"
"55025","Dane County, WI","County",559891,"Wisconsin","Dane County","Madison, WI"
"12127","Volusia County, FL","County",558520,"Florida","Volusia County","Deltona-Daytona Beach-Ormond Beach, FL"
"29540","Lancaster, PA","Metro",553202,"","","Lancaster, PA"
"42071","Lancaster County, PA","County",553202,"Pennsylvania","Lancaster County","Lancaster, PA"
"38860","Portland-South Portland, ME","Metro",552916,"","","Portland-South Portland, ME"
"33700","Modesto, CA","Metro",552063,"","","Modesto, CA"
"06099","Stanislaus County, CA","County",552063,"California","Stanislaus County","Modesto, CA"
"22220","Fayetteville-Springdale-Rogers, AR","Metro",550596,"","","Fayetteville-Springdale-Rogers, AR"
"27123","Ramsey County, MN","County",547202,"Minnesota","Ramsey County","Minneapolis-St. Paul-Bloomington, MN-WI"
"0627000","Fresno, CA","City",541528,"California","Fresno County","Fresno, CA"
"0477000","Tucson, AZ","City",541033,"Arizona","Pima County","Tucson, AZ"
"37081","Guilford County, NC","County",539557,"North Carolina","Guilford County","Greensboro-High Point, NC"
"39153","Summit County, OH","County",539361,"Ohio","Summit County","Akron, OH"
"29620","Lansing-East Lansing, MI","Metro",538985,"","","Lansing-East Lansing, MI"
"53063","Spokane County, WA","County",538711,"Washington","Spokane County","Spokane-Spokane Valley, WA"
"42029","Chester County, PA","County",536474,"Pennsylvania","Chester County","Philadelphia-Camden-Wilmington, PA-NJ-DE-MD"
"39113","Montgomery County, OH","County",536121,"Ohio","Montgomery County","Dayton-Kettering, OH"
"25023","Plymouth County, MA","County",529548,"Massachusetts","Plymouth County","Boston-Cambridge-Newton, MA-NH"
"45045","Greenville County, SC","County",528251,"South Carolina","Greenville County","Greenville-Anderson, SC"
"0664000","Sacramento, CA","City",523600,"California","Sacramento County","Sacramento-Roseville-Folsom, CA"
"20173","Sedgwick County, KS","County",522700,"Kansas","Sedgwick County","Wichita, KS"
"34007","Camden County, NJ","County",522581,"New Jersey","Camden County","Philadelphia-Camden-Wilmington, PA-NJ-DE-MD"
"22180","Fayetteville, NC","Metro",522537,"","","Fayetteville, NC"
"08001","Adams County, CO","County",520149,"Colorado","Adams County","Denver-Aurora-Lakewood, CO"
"34031","Passaic County, NJ","County",519986,"New Jersey","Passaic County","New York-Newark-Jersey City, NY-NJ-PA"
"17089","Kane County, IL","County",517254,"Illinois","Kane County","Chicago-Naperville-Elgin, IL-IN-WI"
"30460","Lexington-Fayette, KY","Metro",515954,"","","Lexington-Fayette, KY"
"37860","Pensacola-Ferry Pass-Brent, FL","Metro",510290,"","","Pensacola-Ferry Pass-Brent, FL"
"34027","Morris County, NJ","County",508816,"New Jersey","Morris County","New York-Newark-Jersey City, NY-NJ-PA"
"2938000","Kansas City, MO","City",505958,"Missouri","Jackson County","Kansas City, MO-KS"
"53011","Clark County, WA","County",504091,"Washington","Clark County","Portland-Vancouver-Hillsboro, OR-WA"
"0446000","Mesa, AZ","City",503390,"Arizona","Maricopa County","Phoenix-Mesa-Chandler, AZ"
"16001","Ada County, ID","County",497494,"Idaho","Ada County","Boise City, ID"
"34820","Myrtle Beach-Conway-North Myrtle Beach, SC-NC","Metro",496299,"","","Myrtle Beach-Conway-North Myrtle Beach, SC-NC"
"1304000","Atlanta, GA","City",494838,"Georgia","Fulton County","Atlanta-Sandy Springs-Alpharetta, GA"
"38940","Port St. Lucie, FL","Metro",494081,"","","Port St. Lucie, FL"
"26620","Huntsville, AL","Metro",493980,"","","Huntsville, AL"
"19153","Polk County, IA","County",493378,"Iowa","Polk County","Des Moines-West Des Moines, IA"
"39900","Reno, NV","Metro",490769,"","","Reno, NV"
"3137000","Omaha, NE","City",489201,"Nebraska","Douglas County","Omaha-Council Bluffs, NE-IA"
"42220","Santa Rosa-Petaluma, CA","Metro",488436,"","","Santa Rosa-Petaluma, CA"
"06097","Sonoma County, CA","County",488436,"California","Sonoma County","Santa Rosa-Petaluma, CA"
"32031","Washoe County, NV","County",486674,"Nevada","Washoe County","Reno, NV"
"47093","Knox County, TN","County",481406,"Tennessee","Knox County","Knoxville, TN"
"51153","Prince William County, VA","County",481114,"Virginia","Prince William County","Washington-Arlington-Alexandria, DC-VA-MD-WV"
"29180","Lafayette, LA","Metro",479865,"","","Lafayette, LA"
"0816000","Colorado Springs, CO","City",479612,"Colorado","El Paso County","Colorado Springs, CO"
"28660","Killeen-Temple, TX","Metro",477577,"","","Killeen-Temple, TX"
"44180","Springfield, MO","Metro",477056,"","","Springfield, MO"
"12117","Seminole County, FL","County",471321,"Florida","Seminole County","Orlando-Kissimmee-Sanford, FL"
"11700","Asheville, NC","Metro",469484,"","","Asheville, NC"
"3755000","Raleigh, NC","City",465517,"North Carolina","Wake County","Raleigh-Cary, NC"
"0643000","Long Beach, CA","City",462293,"California","Los Angeles County","Los Angeles-Long Beach-Anaheim, CA"
"34005","Burlington County, NJ","County",461853,"New Jersey","Burlington County","Philadelphia-Camden-Wilmington, PA-NJ-DE-MD"
"5182000","Virginia Beach, VA","City",457900,"Virginia","Virginia Beach city","Virginia Beach-Norfolk-Newport News, VA-NC"
"51810","Virginia Beach County, VA","County",457900,"Virginia","Virginia Beach city","Virginia Beach-Norfolk-Newport News, VA-NC"
"22033","East Baton Rouge County, LA","County",454369,"Louisiana","East Baton Rouge Parish","Baton Rouge, LA"
"46700","Vallejo, CA","Metro",450995,"","","Vallejo, CA"
"06095","Solano County, CA","County",450995,"California","Solano County","Vallejo, CA"
"42200","Santa Maria-Santa Barbara, CA","Metro",445213,"","","Santa Maria-Santa Barbara, CA"
"06083","Santa Barbara County, CA","County",445213,"California","Santa Barbara County","Santa Maria-Santa Barbara, CA"
"1245000","Miami, FL","City",443665,"Florida","Miami-Dade County","Miami-Fort Lauderdale-Pompano Beach, FL"
"12115","Sarasota County, FL","County",439392,"Florida","Sarasota County","North Port-Sarasota-Bradenton, FL"
"27037","Dakota County, MN","County",439179,"Minnesota","Dakota County","Minneapolis-St. Paul-Bloomington, MN-WI"
"0653000","Oakland, CA","City",437825,"California","Alameda County","San Francisco-Oakland-Berkeley, CA"
"22051","Jefferson County, LA","County",436171,"Louisiana","Jefferson Parish","New Orleans-Metairie, LA"
"41420","Salem, OR","Metro",433415,"","","Salem, OR"
"04021","Pinal County, AZ","County",433338,"Arizona","Pinal County","Phoenix-Mesa-Chandler, AZ"
"39095","Lucas County, OH","County",430014,"Ohio","Lucas County","Toledo, OH"
"33660","Mobile, AL","Metro",429312,"","","Mobile, AL"
"2743000","Minneapolis, MN","City",426877,"Minnesota","Hennepin County","Minneapolis-St. Paul-Bloomington, MN-WI"
"31700","Manchester-Nashua, NH","Metro",422733,"","","Manchester-Nashua, NH"
"33011","Hillsborough County, NH","County",422733,"New Hampshire","Hillsborough County","Manchester-Nashua, NH"
"18580","Corpus Christi, TX","Metro",422187,"","","Corpus Christi, TX"
"41540","Salisbury, MD-DE","Metro",421982,"","","Salisbury, MD-DE"
"15180","Brownsville-Harlingen, TX","Metro",421854,"","","Brownsville-Harlingen, TX"
"48061","Cameron County, TX","County",421854,"Texas","Cameron County","Brownsville-Harlingen, TX"
"41005","Clackamas County, OR","County",420925,"Oregon","Clackamas County","Portland-Vancouver-Hillsboro, OR-WA"
"51107","Loudoun County, VA","County",420773,"Virginia","Loudoun County","Washington-Arlington-Alexandria, DC-VA-MD-WV"
"23060","Fort Wayne, IN","Metro",419715,"","","Fort Wayne, IN"
"25060","Gulfport-Biloxi, MS","Metro",416839,"","","Gulfport-Biloxi, MS"
"45079","Richland County, SC","County",416161,"South Carolina","Richland County","Columbia, SC"
"01097","Mobile County, AL","County",413878,"Alabama","Mobile County","Mobile, AL"
"4075000","Tulsa, OK","City",411938,"Oklahoma","Tulsa County","Tulsa, OK"
"45019","Charleston County, SC","County",409840,"South Carolina","Charleston County","Charleston-North Charleston, SC"
"55133","Waukesha County, WI","County",407290,"Wisconsin","Waukesha County","Milwaukee-Waukesha, WI"
"06061","Placer County, CA","County",406608,"California","Placer County","Sacramento-Roseville-Folsom, CA"
"42340","Savannah, GA","Metro",406575,"","","Savannah, GA"
"29183","St. Charles County, MO","County",406262,"Missouri","St. Charles County","St. Louis, MO-IL"
"12081","Manatee County, FL","County",405069,"Florida","Manatee County","North Port-Sarasota-Bradenton, FL"
"11260","Anchorage, AK","Metro",399335,"","","Anchorage, AK"
"05119","Pulaski County, AR","County",398322,"Arkansas","Pulaski County","Little Rock-North Little Rock-Conway, AR"
"13140","Beaumont-Port Arthur, TX","Metro",396279,"","","Beaumont-Port Arthur, TX"
"2079000","Wichita, KS","City",395951,"Kansas","Sedgwick County","Wichita, KS"
"12097","Osceola County, FL","County",393745,"Florida","Osceola County","Orlando-Kissimmee-Sanford, FL"
"4804000","Arlington, TX","City",393469,"Texas","Tarrant County","Dallas-Fort Worth-Arlington, TX"
"43340","Shreveport-Bossier City, LA","Metro",391957,"","","Shreveport-Bossier City, LA"
"01089","Madison County, AL","County",389781,"Alabama","Madison County","Huntsville, AL"
"1271000","Tampa, FL","City",388768,"Florida","Hillsborough County","Tampa-St. Petersburg-Clearwater, FL"
"39017","Butler County, OH","County",388327,"Ohio","Butler County","Cincinnati, OH-KY-IN"
"0804000","Aurora, CO","City",387349,"Colorado","Arapahoe County","Denver-Aurora-Lakewood, CO"
"12069","Lake County, FL","County",386829,"Florida","Lake County","Orlando-Kissimmee-Sanford, FL"
"45220","Tallahassee, FL","Metro",386064,"","","Tallahassee, FL"
"18003","Allen County, IN","County",385456,"Indiana","Allen County","Fort Wayne, IN"
"33860","Montgomery, AL","Metro",384740,"","","Montgomery, AL"
"37067","Forsyth County, NC","County",383739,"North Carolina","Forsyth County","Winston-Salem, NC"
"45940","Trenton-Princeton, NJ","Metro",383732,"","","Trenton-Princeton, NJ"
"34021","Mercer County, NJ","County",383732,"New Jersey","Mercer County","Trenton-Princeton, NJ"
"19340","Davenport-Moline-Rock Island, IA-IL","Metro",382983,"","","Davenport-Moline-Rock Island, IA-IL"
"21660","Eugene-Springfield, OR","Metro",382218,"","","Eugene-Springfield, OR"
"41039","Lane County, OR","County",382218,"Oregon","Lane County","Eugene-Springfield, OR"
"2255000","New Orleans, LA","City",380408,"Louisiana","Orleans Parish","New Orleans-Metairie, LA"
"22071","Orleans County, LA","County",380408,"Louisiana","Orleans Parish","New Orleans-Metairie, LA"
"34940","Naples-Marco Island, FL","Metro",380221,"","","Naples-Marco Island, FL"
"12021","Collier County, FL","County",380221,"Florida","Collier County","Naples-Marco Island, FL"
"48039","Brazoria County, TX","County",374600,"Texas","Brazoria County","Houston-The Woodlands-Sugar Land, TX"
"42077","Lehigh County, PA","County",374110,"Pennsylvania","Lehigh County","Allentown-Bethlehem-Easton, PA-NJ"
"48027","Bell County, TX","County",372821,"Texas","Bell County","Killeen-Temple, TX"
"3916000","Cleveland, OH","City",370365,"Ohio","Cuyahoga County","Cleveland-Elyria, OH"
"11460","Ann Arbor, MI","Metro",370231,"","","Ann Arbor, MI"
"26161","Washtenaw County, MI","County",370231,"Michigan","Washtenaw County","Ann Arbor, MI"
"47065","Hamilton County, TN","County",367193,"Tennessee","Hamilton County","Chattanooga, TN-GA"
"25860","Hickory-Lenoir-Morganton, NC","Metro",366031,"","","Hickory-Lenoir-Morganton, NC"
"51041","Chesterfield County, VA","County",366019,"Virginia","Chesterfield County","Richmond, VA"
"27003","Anoka County, MN","County",363985,"Minnesota","Anoka County","Minneapolis-St. Paul-Bloomington, MN-WI"
"49011","Davis County, UT","County",363032,"Utah","Davis County","Ogden-Clearfield, UT"
"08035","Douglas County, CO","County",360206,"Colorado","Douglas County","Denver-Aurora-Lakewood, CO"
"22660","Fort Collins, CO","Metro",359363,"","","Fort Collins, CO"
"08069","Larimer County, CO","County",359363,"Colorado","Larimer County","Fort Collins, CO"
"45051","Horry County, SC","County",356578,"South Carolina","Horry County","Myrtle Beach-Conway-North Myrtle Beach, SC-NC"
"48355","Nueces County, TX","County",353245,"Texas","Nueces County","Corpus Christi, TX"
"48167","Galveston County, TX","County",350801,"Texas","Galveston County","Houston-The Woodlands-Sugar Land, TX"
"18057","Hamilton County, IN","County",349527,"Indiana","Hamilton County","Indianapolis-Carmel-Anderson, IN"
"0602000","Anaheim, CA","City",347111,"California","Orange County","Los Angeles-Long Beach-Anaheim, CA"
"41047","Marion County, OR","County",345815,"Oregon","Marion County","Salem, OR"
"34035","Somerset County, NJ","County",344978,"New Jersey","Somerset County","New York-Newark-Jersey City, NY-NJ-PA"
"47149","Rutherford County, TN","County",343727,"Tennessee","Rutherford County","Nashville-Davidson--Murfreesboro--Franklin, TN"
"23540","Gainesville, FL","Metro",341067,"","","Gainesville, FL"
"30700","Lincoln, NE","Metro",339707,"","","Lincoln, NE"
"37051","Cumberland County, NC","County",335207,"North Carolina","Cumberland County","Fayetteville, NC"
"12111","St. Lucie County, FL","County",334682,"Florida","St. Lucie County","Port St. Lucie, FL"
"51087","Henrico County, VA","County",333120,"Virginia","Henrico County","Richmond, VA"
"24027","Howard County, MD","County",332011,"Maryland","Howard County","Baltimore-Columbia-Towson, MD"
"24540","Greeley, CO","Metro",331466,"","","Greeley, CO"
"08123","Weld County, CO","County",331466,"Colorado","Weld County","Greeley, CO"
"43900","Spartanburg, SC","Metro",330119,"","","Spartanburg, SC"
"45083","Spartanburg County, SC","County",330119,"South Carolina","Spartanburg County","Spartanburg, SC"
"14500","Boulder, CO","Metro",328658,"","","Boulder, CO"
"08013","Boulder County, CO","County",328658,"Colorado","Boulder County","Boulder, CO"
"17980","Columbus, GA-AL","Metro",326159,"","","Columbus, GA-AL"
"37063","Durham County, NC","County",325101,"North Carolina","Durham County","Durham-Chapel Hill, NC"
"43780","South Bend-Mishawaka, IN-MI","Metro",323992,"","","South Bend-Mishawaka, IN-MI"
"17300","Clarksville, TN-KY","Metro",322949,"","","Clarksville, TN-KY"
"31180","Lubbock, TX","Metro",322285,"","","Lubbock, TX"
"31109","Lancaster County, NE","County",322063,"Nebraska","Lancaster County","Lincoln, NE"
"12033","Escambia County, AL","County",321296,"Florida","Escambia County","Pensacola-Ferry Pass-Brent, FL"
"2146027","Lexington, KY","City",321276,"Kentucky","Fayette County","Lexington-Fayette, KY"
"21067","Fayette County, KY","County",321276,"Kentucky","Fayette County","Lexington-Fayette, KY"
"3231900","Henderson, NV","City",318063,"Nevada","Clark County","Las Vegas-Henderson-Paradise, NV"
"4817000","Corpus Christi, TX","City",317804,"Texas","Nueces County","Corpus Christi, TX"
"0662000","Riverside, CA","City",316076,"California","Riverside County","Riverside-San Bernardino-Ontario, CA"
"33015","Rockingham County, NH","County",315169,"New Hampshire","Rockingham County","Boston-Cambridge-Newton, MA-NH"
"36001","Albany County, NY","County",315041,"New York","Albany County","Albany-Schenectady-Troy, NY"
"40220","Roanoke, VA","Metro",314708,"","","Roanoke, VA"
"42095","Northampton County, PA","County",314299,"Pennsylvania","Northampton County","Allentown-Bethlehem-Easton, PA-NJ"
"21780","Evansville, IN-KY","Metro",313961,"","","Evansville, IN-KY"
"39093","Lorain County, OH","County",313101,"Ohio","Lorain County","Cleveland-Elyria, OH"
"48303","Lubbock County, TX","County",311509,"Texas","Lubbock County","Lubbock, TX"
"0669000","Santa Ana, CA","City",311379,"California","Orange County","Los Angeles-Long Beach-Anaheim, CA"
"3915000","Cincinnati, OH","City",308870,"Ohio","Hamilton County","Cincinnati, OH-KY-IN"
"2758000","St. Paul, MN","City",308806,"Minnesota","Ramsey County","Minneapolis-St. Paul-Bloomington, MN-WI"
"28700","Kingsport-Bristol, TN-VA","Metro",308386,"","","Kingsport-Bristol, TN-VA"
"1253000","Orlando, FL","City",307738,"Florida","Orange County","Orlando-Kissimmee-Sanford, FL"
"3451000","Newark, NJ","City",307355,"New Jersey","Essex County","New York-Newark-Jersey City, NY-NJ-PA"
"0636770","Irvine, CA","City",304527,"California","Orange County","Los Angeles-Long Beach-Anaheim, CA"
"28420","Kennewick-Richland, WA","Metro",304252,"","","Kennewick-Richland, WA"
"4261000","Pittsburgh, PA","City",303843,"Pennsylvania","Allegheny County","Pittsburgh, PA"
"34015","Gloucester County, NJ","County",302621,"New Jersey","Gloucester County","Philadelphia-Camden-Wilmington, PA-NJ-DE-MD"
"29077","Greene County, MO","County",299188,"Missouri","Greene County","Springfield, MO"
"2965000","St. Louis, MO","City",298018,"Missouri","St. Louis city","St. Louis, MO-IL"
"3728000","Greensboro, NC","City",297202,"North Carolina","Guilford County","Greensboro-High Point, NC"
"13063","Clayton County, GA","County",296312,"Georgia","Clayton County","Atlanta-Sandy Springs-Alpharetta, GA"
"13051","Chatham County, GA","County",296266,"Georgia","Chatham County","Savannah, GA"
"26139","Ottawa County, MI","County",296183,"Michigan","Ottawa County","Grand Rapids-Kentwood, MI"
"45063","Lexington County, SC","County",295934,"South Carolina","Lexington County","Columbia, SC"
"40027","Cleveland County, OK","County",295060,"Oklahoma","Cleveland County","Oklahoma City, OK"
"36500","Olympia-Lacey-Tumwater, WA","Metro",294272,"","","Olympia-Lacey-Tumwater, WA"
"53067","Thurston County, WA","County",294272,"Washington","Thurston County","Olympia-Lacey-Tumwater, WA"
"12073","Leon County, FL","County",294128,"Florida","Leon County","Tallahassee, FL"
"20260","Duluth, MN-WI","Metro",291491,"","","Duluth, MN-WI"
"0203000","Anchorage, AK","City",290674,"Alaska","Anchorage Municipality","Anchorage, AK"
"02020","Anchorage County, AK","County",290674,"Alaska","Anchorage Municipality","Anchorage, AK"
"3128000","Lincoln, NE","City",290531,"Nebraska","Lancaster County","Lincoln, NE"
"48900","Wilmington, NC","Metro",289726,"","","Wilmington, NC"
"18880","Crestview-Fort Walton Beach-Destin, FL","Metro",288639,"","","Crestview-Fort Walton Beach-Destin, FL"
"3436000","Jersey City, NJ","City",287899,"New Jersey","Hudson County","New York-Newark-Jersey City, NY-NJ-PA"
"30980","Longview, TX","Metro",287359,"","","Longview, TX"
"05007","Benton County, AR","County",286528,"Arkansas","Benton County","Fayetteville-Springdale-Rogers, AR"
"42043","Dauphin County, PA","County",286108,"Pennsylvania","Dauphin County","Harrisburg-Carlisle, PA"
"4858016","Plano, TX","City",284948,"Texas","Collin County","Dallas-Fort Worth-Arlington, TX"
"3719000","Durham, NC","City",284094,"North Carolina","Durham County","Durham-Chapel Hill, NC"
"45091","York County, SC","County",282987,"South Carolina","York County","Charlotte-Concord-Gastonia, NC-SC"
"26065","Ingham County, MI","County",282540,"Michigan","Ingham County","Lansing-East Lansing, MI"
"12001","Alachua County, FL","County",279729,"Florida","Alachua County","Gainesville, FL"
"12109","St. Johns County, FL","County",278722,"Florida","St. Johns County","Jacksonville, FL"
"47380","Waco, TX","Metro",278103,"","","Waco, TX"
"43620","Sioux Falls, SD","Metro",277944,"","","Sioux Falls, SD"
"0613392","Chula Vista, CA","City",276103,"California","San Diego County","San Diego-Chula Vista-Carlsbad, CA"
"0412000","Chandler, AZ","City",275618,"Arizona","Maricopa County","Phoenix-Mesa-Chandler, AZ"
"14740","Bremerton-Silverdale-Port Orchard, WA","Metro",275411,"","","Bremerton-Silverdale-Port Orchard, WA"
"53035","Kitsap County, WA","County",275411,"Washington","Kitsap County","Bremerton-Silverdale-Port Orchard, WA"
"12100","Atlantic City-Hammonton, NJ","Metro",274339,"","","Atlantic City-Hammonton, NJ"
"34001","Atlantic County, NJ","County",274339,"New Jersey","Atlantic County","Atlantic City-Hammonton, NJ"
"24021","Frederick County, MD","County",273829,"Maryland","Frederick County","Washington-Arlington-Alexandria, DC-VA-MD-WV"
"46220","Tuscaloosa, AL","Metro",272931,"","","Tuscaloosa, AL"
"18141","St. Joseph County, IN","County",272388,"Indiana","St. Joseph County","South Bend-Mishawaka, IN-MI"
"3977000","Toledo, OH","City",269962,"Ohio","Lucas County","Toledo, OH"
"37021","Buncombe County, NC","County",269449,"North Carolina","Buncombe County","Asheville, NC"
"17780","College Station-Bryan, TX","Metro",269418,"","","College Station-Bryan, TX"
"11100","Amarillo, TX","Metro",269278,"","","Amarillo, TX"
"27163","Washington County, MN","County",268651,"Minnesota","Washington County","Minneapolis-St. Paul-Bloomington, MN-WI"
"13057","Cherokee County, GA","County",268567,"Georgia","Cherokee County","Atlanta-Sandy Springs-Alpharetta, GA"
"5548000","Madison, WI","City",268516,"Wisconsin","Dane County","Madison, WI"
"35980","Norwich-New London, CT","Metro",268448,"","","Norwich-New London, CT"
"0427400","Gilbert, AZ","City",267267,"Arizona","Maricopa County","Phoenix-Mesa-Chandler, AZ"
"22103","St. Tammany County, LA","County",266168,"Louisiana","St. Tammany Parish","New Orleans-Metairie, LA"
"3260600","Reno, NV","City",265196,"Nevada","Washoe County","Reno, NV"
"1825000","Fort Wayne, IN","City",264514,"Indiana","Allen County","Fort Wayne, IN"
"3251800","North Las Vegas, NV","City",264022,"Nevada","Clark County","Las Vegas-Henderson-Paradise, NV"
"49057","Weber County, UT","County",262960,"Utah","Weber County","Ogden-Clearfield, UT"
"31340","Lynchburg, VA","Metro",262124,"","","Lynchburg, VA"
"28020","Kalamazoo-Portage, MI","Metro",261426,"","","Kalamazoo-Portage, MI"
"26077","Kalamazoo County, MI","County",261426,"Michigan","Kalamazoo County","Kalamazoo-Portage, MI"
"48309","McLennan County, TX","County",261090,"Texas","McLennan County","Waco, TX"
"24025","Harford County, MD","County",261059,"Maryland","Harford County","Baltimore-Columbia-Towson, MD"
"06041","Marin County, CA","County",260485,"California","Marin County","San Francisco-Oakland-Berkeley, CA"
"1263000","St. Petersburg, FL","City",259343,"Florida","Pinellas County","Tampa-St. Petersburg-Clearwater, FL"
"4845000","Lubbock, TX","City",258190,"Texas","Lubbock County","Lubbock, TX"
"4837000","Irving, TX","City",254962,"Texas","Dallas County","Dallas-Fort Worth-Arlington, TX"
"48245","Jefferson County, TX","County",254942,"Texas","Jefferson County","Beaumont-Port Arthur, TX"
"13117","Forsyth County, GA","County",253225,"Georgia","Forsyth County","Atlanta-Sandy Springs-Alpharetta, GA"
"29047","Clay County, MO","County",253085,"Missouri","Clay County","Kansas City, MO-KS"
"22020","Fargo, ND-MN","Metro",251635,"","","Fargo, ND-MN"
"3775000","Winston-Salem, NC","City",249571,"North Carolina","Forsyth County","Winston-Salem, NC"
"5116000","Chesapeake, VA","City",249377,"Virginia","Chesapeake city","Virginia Beach-Norfolk-Newport News, VA-NC"
"51550","Chesapeake County, VA","County",249377,"Virginia","Chesapeake city","Virginia Beach-Norfolk-Newport News, VA-NC"
"47187","Williamson County, TN","County",248897,"Tennessee","Williamson County","Nashville-Davidson--Murfreesboro--Franklin, TN"
"0427820","Glendale, AZ","City",248083,"Arizona","Maricopa County","Phoenix-Mesa-Chandler, AZ"
"05143","Washington County, AR","County",247331,"Arkansas","Washington County","Fayetteville-Springdale-Rogers, AR"
"48209","Hays County, TX","County",245351,"Texas","Hays County","Austin-Round Rock-Georgetown, TX"
"4829000","Garland, TX","City",244026,"Texas","Dallas County","Dallas-Fort Worth-Arlington, TX"
"39165","Warren County, OH","County",243189,"Ohio","Warren County","Cincinnati, OH-KY-IN"
"22055","Lafayette County, LA","County",243175,"Louisiana","Lafayette Parish","Lafayette, LA"
"13151","Henry County, GA","County",240853,"Georgia","Henry County","Atlanta-Sandy Springs-Alpharetta, GA"
"0465000","Scottsdale, AZ","City",240537,"Arizona","Maricopa County","Phoenix-Mesa-Chandler, AZ"
"37179","Union County, NC","County",240109,"North Carolina","Union County","Charlotte-Concord-Gastonia, NC-SC"
"39150","Prescott Valley-Prescott, AZ","Metro",237830,"","","Prescott Valley-Prescott, AZ"
"04025","Yavapai County, AZ","County",237830,"Arizona","Yavapai County","Prescott Valley-Prescott, AZ"
"5157000","Norfolk, VA","City",236973,"Virginia","Norfolk city","Virginia Beach-Norfolk-Newport News, VA-NC"
"51710","Norfolk County, VA","County",236973,"Virginia","Norfolk city","Virginia Beach-Norfolk-Newport News, VA-NC"
"36091","Saratoga County, NY","County",236328,"New York","Saratoga County","Albany-Schenectady-Troy, NY"
"22017","Caddo County, LA","County",236259,"Louisiana","Caddo Parish","Shreveport-Bossier City, LA"
"5103000","Arlington, VA","City",235845,"Virginia","Arlington County","Washington-Arlington-Alexandria, DC-VA-MD-WV"
"51013","Arlington County, VA","County",235845,"Virginia","Arlington County","Washington-Arlington-Alexandria, DC-VA-MD-WV"
"46340","Tyler, TX","Metro",234667,"","","Tyler, TX"
"48423","Smith County, TX","County",234667,"Texas","Smith County","Tyler, TX"
"48041","Brazos County, TX","County",234548,"Texas","Brazos County","College Station-Bryan, TX"
"1608830","Boise, ID","City",234192,"Idaho","Ada County","Boise City, ID"
"19300","Daphne-Fairhope-Foley, AL","Metro",233420,"","","Daphne-Fairhope-Foley, AL"
"01003","Baldwin County, AL","County",233420,"Alabama","Baldwin County","Daphne-Fairhope-Foley, AL"
"31420","Macon-Bibb County, GA","Metro",233334,"","","Macon-Bibb County, GA"
"01125","Tuscaloosa County, AL","County",231558,"Alabama","Tuscaloosa County","Tuscaloosa, AL"
"45015","Berkeley County, SC","County",231419,"South Carolina","Berkeley County","Charleston-North Charleston, SC"
"37071","Gaston County, NC","County",228972,"North Carolina","Gaston County","Charlotte-Concord-Gastonia, NC-SC"
"0626000","Fremont, CA","City",228795,"California","Alameda County","San Francisco-Oakland-Berkeley, CA"
"37129","New Hanover County, NC","County",228134,"North Carolina","New Hanover County","Wilmington, NC"
"01101","Montgomery County, AL","County",228132,"Alabama","Montgomery County","Montgomery, AL"
"5367000","Spokane, WA","City",227922,"Washington","Spokane County","Spokane-Spokane Valley, WA"
"5167000","Richmond, VA","City",227171,"Virginia","Richmond city","Richmond, VA"
"28049","Hinds County, MS","County",226541,"Mississippi","Hinds County","Jackson, MS"
"37025","Cabarrus County, NC","County",226396,"North Carolina","Cabarrus County","Charlotte-Concord-Gastonia, NC-SC"
"40340","Rochester, MN","Metro",225911,"","","Rochester, MN"
"0669088","Santa Clarita, CA","City",225850,"California","Los Angeles County","Los Angeles-Long Beach-Anaheim, CA"
"2205000","Baton Rouge, LA","City",225500,"Louisiana","East Baton Rouge Parish","Baton Rouge, LA"
"3223770","Enterprise, NV","City",225461,"Nevada","Clark County","Las Vegas-Henderson-Paradise, NV"
"29200","Lafayette-West Lafayette, IN","Metro",224515,"","","Lafayette-West Lafayette, IN"
"01117","Shelby County, AL","County",223916,"Alabama","Shelby County","Birmingham-Hoover, AL"
"1230000","Hialeah, FL","City",222996,"Florida","Miami-Dade County","Miami-Fort Lauderdale-Pompano Beach, FL"
"47125","Montgomery County, TN","County",222305,"Tennessee","Montgomery County","Clarksville, TN-KY"
"16820","Charlottesville, VA","Metro",221648,"","","Charlottesville, VA"
"3268585","Spring Valley, NV","City",220114,"Nevada","Clark County","Las Vegas-Henderson-Paradise, NV"
"29740","Las Cruces, NM","Metro",219870,"","","Las Cruces, NM"
"35013","Doña Ana County, NM","County",219870,"New Mexico","Doña Ana County","Las Cruces, NM"
"12019","Clay County, FL","County",219650,"Florida","Clay County","Jacksonville, FL"
"5370000","Tacoma, WA","City",219234,"Washington","Pierce County","Seattle-Tacoma-Bellevue, WA"
"25940","Hilton Head Island-Bluffton, SC","Metro",218515,"","","Hilton Head Island-Bluffton, SC"
"0648354","Modesto, CA","City",218308,"California","Stanislaus County","Modesto, CA"
"06113","Yolo County, CA","County",217141,"California","Yolo County","Sacramento-Roseville-Folsom, CA"
"29340","Lake Charles, LA","Metro",216217,"","","Lake Charles, LA"
"12020","Athens-Clarke County, GA","Metro",216194,"","","Athens-Clarke County, GA"
"39041","Delaware County, OH","County",216074,"Ohio","Delaware County","Columbus, OH"
"0137000","Huntsville, AL","City",215025,"Alabama","Madison County","Huntsville, AL"
"29420","Lake Havasu City-Kingman, AZ","Metro",214229,"","","Lake Havasu City-Kingman, AZ"
"04015","Mohave County, AZ","County",214229,"Arizona","Mohave County","Lake Havasu City-Kingman, AZ"
"1921000","Des Moines, IA","City",213164,"Iowa","Polk County","Des Moines-West Des Moines, IA"
"12091","Okaloosa County, FL","County",212021,"Florida","Okaloosa County","Crestview-Fort Walton Beach-Destin, FL"
"22019","Calcasieu County, LA","County",210770,"Louisiana","Calcasieu Parish","Lake Charles, LA"
"0649270","Moreno Valley, CA","City",209578,"California","Riverside County","Riverside-San Bernardino-Ontario, CA"
"0624680","Fontana, CA","City",209279,"California","San Bernardino County","Riverside-San Bernardino-Ontario, CA"
"39025","Clermont County, OH","County",208851,"Ohio","Clermont County","Cincinnati, OH-KY-IN"
"28047","Harrison County, MS","County",208748,"Mississippi","Harrison County","Gulfport-Biloxi, MS"
"3722920","Fayetteville, NC","City",208697,"North Carolina","Cumberland County","Fayetteville, NC"
"53005","Benton County, WA","County",207560,"Washington","Benton County","Kennewick-Richland, WA"
"27740","Johnson City, TN","Metro",207442,"","","Johnson City, TN"
"13245","Richmond County, GA","County",206153,"Georgia","Richmond County","Augusta-Richmond County, GA-SC"
"26380","Houma-Thibodaux, LA","Metro",206082,"","","Houma-Thibodaux, LA"
"23580","Gainesville, GA","Metro",204953,"","","Gainesville, GA"
"13139","Hall County, GA","County",204953,"Georgia","Hall County","Gainesville, GA"
"1319000","Columbus, GA","City",204572,"Georgia","Muscogee County","Columbus, GA-AL"
"13215","Muscogee County, GA","County",204572,"Georgia","Muscogee County","Columbus, GA-AL"
"2582000","Worcester, MA","City",204191,"Massachusetts","Worcester County","Worcester, MA-CT"
"0654652","Oxnard, CA","City",202279,"California","Ventura County","Oxnard-Thousand Oaks-Ventura, CA"
"0541000","Little Rock, AR","City",202218,"Arkansas","Pulaski County","Little Rock-North Little Rock-Conway, AR"
"4827684","Frisco, TX","City",202075,"Texas","Collin County","Dallas-Fort Worth-Arlington, TX"
"1304204","Augusta, GA","City",201615,"Georgia","Richmond County","Augusta-Richmond County, GA-SC"
"4967000","Salt Lake City, UT","City",201269,"Utah","Salt Lake County","Salt Lake City, UT"
"0107000","Birmingham, AL","City",200431,"Alabama","Jefferson County","Birmingham-Hoover, AL"
"4803000","Amarillo, TX","City",200360,"Texas","Potter County","Amarillo, TX"
"41060","St. Cloud, MN","Metro",199922,"","","St. Cloud, MN"
"0151000","Montgomery, AL","City",199819,"Alabama","Montgomery County","Montgomery, AL"
"13460","Bend, OR","Metro",199352,"","","Bend, OR"
"41017","Deschutes County, OR","County",199352,"Oregon","Deschutes County","Bend, OR"
"1270600","Tallahassee, FL","City",198259,"Florida","Leon County","Tallahassee, FL"
"2634000","Grand Rapids, MI","City",198096,"Michigan","Kent County","Grand Rapids-Kentwood, MI"
"46099","Minnehaha County, SD","County",197742,"South Dakota","Minnehaha County","Sioux Falls, SD"
"0636000","Huntington Beach, CA","City",197481,"California","Orange County","Los Angeles-Long Beach-Anaheim, CA"
"4830464","Grand Prairie, TX","City",197279,"Texas","Dallas County","Dallas-Fort Worth-Arlington, TX"
"47165","Sumner County, TN","County",196845,"Tennessee","Sumner County","Nashville-Davidson--Murfreesboro--Franklin, TN"
"2053775","Overland Park, KS","City",196676,"Kansas","Johnson County","Kansas City, MO-KS"
"12053","Hernando County, FL","County",196621,"Florida","Hernando County","Tampa-St. Petersburg-Clearwater, FL"
"4845744","McKinney, TX","City",196160,"Texas","Collin County","Dallas-Fort Worth-Arlington, TX"
"48139","Ellis County, TX","County",195509,"Texas","Ellis County","Dallas-Fort Worth-Arlington, TX"
"0630000","Glendale, CA","City",194512,"California","Los Angeles County","Los Angeles-Long Beach-Anaheim, CA"
"26093","Livingston County, MI","County",194302,"Michigan","Livingston County","Detroit-Warren-Dearborn, MI"
"4659020","Sioux Falls, SD","City",193401,"South Dakota","Minnehaha County","Sioux Falls, SD"
"47580","Warner Robins, GA","Metro",192171,"","","Warner Robins, GA"
"4740000","Knoxville, TN","City",191857,"Tennessee","Knox County","Knoxville, TN"
"0454050","Peoria, AZ","City",191292,"Arizona","Maricopa County","Phoenix-Mesa-Chandler, AZ"
"31153","Sarpy County, NE","County",191272,"Nebraska","Sarpy County","Omaha-Council Bluffs, NE-IA"
"5374060","Vancouver, WA","City",190700,"Washington","Clark County","Portland-Vancouver-Hillsboro, OR-WA"
"3901000","Akron, OH","City",190273,"Ohio","Summit County","Akron, OH"
"39460","Punta Gorda, FL","Metro",189900,"","","Punta Gorda, FL"
"12015","Charlotte County, FL","County",189900,"Florida","Charlotte County","Punta Gorda, FL"
"3254600","Paradise, NV","City",189733,"Nevada","Clark County","Las Vegas-Henderson-Paradise, NV"
"45013","Beaufort County, SC","County",189071,"South Carolina","Beaufort County","Hilton Head Island-Bluffton, SC"
"12113","Santa Rosa County, FL","County",188994,"Florida","Santa Rosa County","Pensacola-Ferry Pass-Brent, FL"
"18157","Tippecanoe County, IN","County",186955,"Indiana","Tippecanoe County","Lafayette-West Lafayette, IN"
"38017","Cass County, ND","County",186328,"North Dakota","Cass County","Fargo, ND-MN"
"0150000","Mobile, AL","City",186316,"Alabama","Mobile County","Mobile, AL"
"28033","DeSoto County, MS","County",186214,"Mississippi","DeSoto County","Memphis, TN-MS-AR"
"2270000","Shreveport, LA","City",186183,"Louisiana","Caddo Parish","Shreveport-Bossier City, LA"
"45460","Terre Haute, IN","Metro",185357,"","","Terre Haute, IN"
"13740","Billings, MT","Metro",185147,"","","Billings, MT"
"5156000","Newport News, VA","City",185118,"Virginia","Newport News city","Virginia Beach-Norfolk-Newport News, VA-NC"
"51700","Newport News County, VA","County",185118,"Virginia","Newport News city","Virginia Beach-Norfolk-Newport News, VA-NC"
"41100","St. George, UT","Metro",183297,"","","St. George, UT"
"49053","Washington County, UT","County",183297,"Utah","Washington County","St. George, UT"
"48251","Johnson County, TX","County",182690,"Texas","Johnson County","Dallas-Fort Worth-Arlington, TX"
"1224000","Fort Lauderdale, FL","City",182673,"Florida","Broward County","Miami-Fort Lauderdale-Pompano Beach, FL"
"39103","Medina County, OH","County",182347,"Ohio","Medina County","Cleveland-Elyria, OH"
"1703012","Aurora, IL","City",181405,"Illinois","Kane County","Chicago-Naperville-Elgin, IL-IN-WI"
"4714000","Chattanooga, TN","City",181288,"Tennessee","Hamilton County","Chattanooga, TN-GA"
"37460","Panama City, FL","Metro",181055,"","","Panama City, FL"
"12005","Bay County, FL","County",181055,"Florida","Bay County","Panama City, FL"
"0473000","Tempe, AZ","City",181005,"Arizona","Maricopa County","Phoenix-Mesa-Chandler, AZ"
"14540","Bowling Green, KY","Metro",180624,"","","Bowling Green, KY"
"27180","Jackson, TN","Metro",180446,"","","Jackson, TN"
"18163","Vanderburgh County, IN","County",179900,"Indiana","Vanderburgh County","Evansville, IN-KY"
"0670098","Santa Rosa, CA","City",178221,"California","Sonoma County","Santa Rosa-Petaluma, CA"
"4123850","Eugene, OR","City",176755,"Oregon","Lane County","Eugene-Springfield, OR"
"0653896","Ontario, CA","City",176326,"California","San Bernardino County","Riverside-San Bernardino-Ontario, CA"
"4164900","Salem, OR","City",175754,"Oregon","Marion County","Salem, OR"
"18063","Hendricks County, IN","County",175639,"Indiana","Hendricks County","Indianapolis-Carmel-Anderson, IN"
"12220","Auburn-Opelika, AL","Metro",175126,"","","Auburn-Opelika, AL"
"01081","Lee County, AL","County",175126,"Alabama","Lee County","Auburn-Opelika, AL"
"3710740","Cary, NC","City",174880,"North Carolina","Wake County","Raleigh-Cary, NC"
"0659451","Rancho Cucamonga, CA","City",174696,"California","San Bernardino County","Riverside-San Bernardino-Ontario, CA"
"33260","Midland, TX","Metro",174621,"","","Midland, TX"
"19163","Scott County, IA","County",174315,"Iowa","Scott County","Davenport-Moline-Rock Island, IA-IL"
"48187","Guadalupe County, TX","County",173828,"Texas","Guadalupe County","San Antonio-New Braunfels, TX"
"0653322","Oceanside, CA","City",173722,"California","San Diego County","San Diego-Chula Vista-Carlsbad, CA"
"17660","Coeur d'Alene, ID","Metro",173396,"","","Coeur d'Alene, ID"
"16055","Kootenai County, ID","County",173396,"Idaho","Kootenai County","Coeur d'Alene, ID"
"18127","Porter County, IN","County",173355,"Indiana","Porter County","Chicago-Naperville-Elgin, IL-IN-WI"
"25620","Hattiesburg, MS","Metro",172176,"","","Hattiesburg, MS"
"15500","Burlington, NC","Metro",171779,"","","Burlington, NC"
"37001","Alamance County, NC","County",171779,"North Carolina","Alamance County","Burlington, NC"
"14010","Bloomington, IL","Metro",171284,"","","Bloomington, IL"
"17113","McLean County, IL","County",171284,"Illinois","McLean County","Bloomington, IL"
"24780","Greenville, NC","Metro",171196,"","","Greenville, NC"
"37147","Pitt County, NC","County",171196,"North Carolina","Pitt County","Greenville, NC"
"1255775","Pembroke Pines, FL","City",170472,"Florida","Broward County","Miami-Fort Lauderdale-Pompano Beach, FL"
"44003","Kent County, RI","County",170168,"Rhode Island","Kent County","Providence-Warwick, RI-MA"
"48329","Midland County, TX","County",169393,"Texas","Midland County","Midland, TX"
"21117","Kenton County, KY","County",169066,"Kentucky","Kenton County","Cincinnati, OH-KY-IN"
"2970000","Springfield, MO","City",168873,"Missouri","Greene County","Springfield, MO"
"0827425","Fort Collins, CO","City",168758,"Colorado","Larimer County","Fort Collins, CO"
"55059","Kenosha County, WI","County",168693,"Wisconsin","Kenosha County","Chicago-Naperville-Elgin, IL-IN-WI"
"39380","Pueblo, CO","Metro",168135,"","","Pueblo, CO"
"08101","Pueblo County, CO","County",168135,"Colorado","Pueblo County","Pueblo, CO"
"20209","Wyandotte County, KS","County",167989,"Kansas","Wyandotte County","Kansas City, MO-KS"
"4715160","Clarksville, TN","City",167882,"Tennessee","Montgomery County","Clarksville, TN-KY"
"39057","Greene County, OH","County",167567,"Ohio","Greene County","Dayton-Kettering, OH"
"24017","Charles County, MD","County",167035,"Maryland","Charles County","Washington-Arlington-Alexandria, DC-VA-MD-WV"
"30111","Yellowstone County, MT","County",165524,"Montana","Yellowstone County","Billings, MT"
"48091","Comal County, TX","County",165201,"Texas","Comal County","San Antonio-New Braunfels, TX"
"13153","Houston County, GA","County",164117,"Georgia","Houston County","Warner Robins, GA"
"27109","Olmsted County, MN","County",162307,"Minnesota","Olmsted County","Rochester, MN"
"36220","Odessa, TX","Metro",162300,"","","Odessa, TX"
"48135","Ector County, TX","County",162300,"Texas","Ector County","Odessa, TX"
"45035","Dorchester County, SC","County",162139,"South Carolina","Dorchester County","Charleston-North Charleston, SC"
"18081","Johnson County, IN","County",161952,"Indiana","Johnson County","Indianapolis-Carmel-Anderson, IN"
"14020","Bloomington, IN","Metro",161426,"","","Bloomington, IN"
"0633000","Hayward, CA","City",160602,"California","Alameda County","San Francisco-Oakland-Berkeley, CA"
"12085","Martin County, FL","County",159399,"Florida","Martin County","Port St. Lucie, FL"
"27145","Stearns County, MN","County",158622,"Minnesota","Stearns County","St. Cloud, MN"
"0616350","Corona, CA","City",158346,"California","Riverside County","Riverside-San Bernardino-Ontario, CA"
"51179","Stafford County, VA","County",157606,"Virginia","Stafford County","Washington-Arlington-Alexandria, DC-VA-MD-WV"
"5101000","Alexandria, VA","City",157594,"Virginia","Alexandria city","Washington-Arlington-Alexandria, DC-VA-MD-WV"
"51510","Alexandria County, VA","County",157594,"Virginia","Alexandria city","Washington-Arlington-Alexandria, DC-VA-MD-WV"
"13073","Columbia County, GA","County",156921,"Georgia","Columbia County","Augusta-Richmond County, GA-SC"
"40017","Canadian County, OK","County",156681,"Oklahoma","Canadian County","Oklahoma City, OK"
"13021","Bibb County, GA","County",156554,"Georgia","Bibb County","Macon-Bibb County, GA"
"0843000","Lakewood, CO","City",156149,"Colorado","Jefferson County","Denver-Aurora-Lakewood, CO"
"2036000","Kansas City, KS","City",155438,"Kansas","Wyandotte County","Kansas City, MO-KS"
"0677000","Sunnyvale, CA","City",154573,"California","Santa Clara County","San Jose-Sunnyvale-Santa Clara, CA"
"42140","Santa Fe, NM","Metro",154481,"","","Santa Fe, NM"
"35049","Santa Fe County, NM","County",154481,"New Mexico","Santa Fe County","Santa Fe, NM"
"4839148","Killeen, TX","City",153708,"Texas","Bell County","Killeen-Temple, TX"
"4751560","Murfreesboro, TN","City",153487,"Tennessee","Rutherford County","Nashville-Davidson--Murfreesboro--Franklin, TN"
"2836000","Jackson, MS","City",153271,"Mississippi","Hinds County","Jackson, MS"
"1232000","Hollywood, FL","City",152764,"Florida","Broward County","Miami-Fort Lauderdale-Pompano Beach, FL"
"27139","Scott County, MN","County",151347,"Minnesota","Scott County","Minneapolis-St. Paul-Bloomington, MN-WI"
"48367","Parker County, TX","County",151188,"Texas","Parker County","Dallas-Fort Worth-Arlington, TX"
"0622804","Escondido, CA","City",151114,"California","San Diego County","San Diego-Chula Vista-Carlsbad, CA"
"4856000","Pasadena, TX","City",150620,"Texas","Harris County","Houston-The Woodlands-Sugar Land, TX"
"5305210","Bellevue, WA","City",150606,"Washington","King County","Seattle-Tacoma-Bellevue, WA"
"4513330","Charleston, SC","City",149960,"South Carolina","Charleston County","Charleston-North Charleston, SC"
"0658072","Pomona, CA","City",149831,"California","Los Angeles County","Los Angeles-Long Beach-Anaheim, CA"
"48257","Kaufman County, TX","County",149773,"Texas","Kaufman County","Dallas-Fort Worth-Arlington, TX"
"4847892","Mesquite, TX","City",149439,"Texas","Dallas County","Dallas-Fort Worth-Arlington, TX"
"43580","Sioux City, IA-NE-SD","Metro",149113,"","","Sioux City, IA-NE-SD"
"47189","Wilson County, TN","County",149096,"Tennessee","Wilson County","Nashville-Davidson--Murfreesboro--Franklin, TN"
"1751622","Naperville, IL","City",149089,"Illinois","DuPage County","Chicago-Naperville-Elgin, IL-IN-WI"
"0662938","Roseville, CA","City",148879,"California","Placer County","Sacramento-Roseville-Folsom, CA"
"1369000","Savannah, GA","City",147583,"Georgia","Chatham County","Savannah, GA"
"13077","Coweta County, GA","County",147449,"Georgia","Coweta County","Atlanta-Sandy Springs-Alpharetta, GA"
"37135","Orange County, NC","County",145919,"North Carolina","Orange County","Durham-Chapel Hill, NC"
"0471510","Surprise, AZ","City",145591,"Arizona","Maricopa County","Phoenix-Mesa-Chandler, AZ"
"13097","Douglas County, GA","County",144735,"Georgia","Douglas County","Atlanta-Sandy Springs-Alpharetta, GA"
"22380","Flagstaff, AZ","Metro",144705,"","","Flagstaff, AZ"
"04005","Coconino County, AZ","County",144705,"Arizona","Coconino County","Flagstaff, AZ"
"1225175","Gainesville, FL","City",142414,"Florida","Alachua County","Gainesville, FL"
"0628000","Fullerton, CA","City",142280,"California","Orange County","Los Angeles-Long Beach-Anaheim, CA"
"4819972","Denton, TX","City",142262,"Texas","Denton County","Dallas-Fort Worth-Arlington, TX"
"2052575","Olathe, KS","City",142114,"Kansas","Johnson County","Kansas City, MO-KS"
"0877290","Thornton, CO","City",141799,"Colorado","Adams County","Denver-Aurora-Lakewood, CO"
"51177","Spotsylvania County, VA","County",141097,"Virginia","Spotsylvania County","Washington-Arlington-Alexandria, DC-VA-MD-WV"
"4876000","Waco, TX","City",140545,"Texas","McLennan County","Waco, TX"
"39660","Rapid City, SD","Metro",140356,"","","Rapid City, SD"
"18105","Monroe County, IN","County",140065,"Indiana","Monroe County","Bloomington, IN"
"4983470","West Valley City, UT","City",138868,"Utah","Salt Lake County","Salt Lake City, UT"
"0653980","Orange, CA","City",138728,"California","Orange County","Los Angeles-Long Beach-Anaheim, CA"
"0656000","Pasadena, CA","City",137554,"California","Los Angeles County","Los Angeles-Long Beach-Anaheim, CA"
"34900","Napa, CA","Metro",137384,"","","Napa, CA"
"06055","Napa County, CA","County",137384,"California","Napa County","Napa, CA"
"5135000","Hampton, VA","City",137217,"Virginia","Hampton city","Virginia Beach-Norfolk-Newport News, VA-NC"
"51650","Hampton County, VA","County",137217,"Virginia","Hampton city","Virginia Beach-Norfolk-Newport News, VA-NC"
"43300","Sherman-Denison, TX","Metro",137008,"","","Sherman-Denison, TX"
"48181","Grayson County, TX","County",137008,"Texas","Grayson County","Sherman-Denison, TX"
"4516000","Columbia, SC","City",136754,"South Carolina","Richland County","Columbia, SC"
"21015","Boone County, KY","County",136150,"Kentucky","Boone County","Cincinnati, OH-KY-IN"
"47009","Blount County, TN","County",135951,"Tennessee","Blount County","Knoxville, TN"
"0952000","New Haven, CT","City",135736,"Connecticut","New Haven County","New Haven-Milford, CT"
"0973000","Stamford, CT","City",135413,"Connecticut","Fairfield County","Bridgeport-Stamford-Norwalk, CT"
"21227","Warren County, KY","County",135307,"Kentucky","Warren County","Bowling Green, KY"
"5335415","Kent, WA","City",135169,"Washington","King County","Seattle-Tacoma-Bellevue, WA"
"1245975","Miramar, FL","City",135158,"Florida","Broward County","Miami-Fort Lauderdale-Pompano Beach, FL"
"12980","Battle Creek, MI","Metro",134011,"","","Battle Creek, MI"
"1214400","Coral Springs, FL","City",133801,"Florida","Broward County","Miami-Fort Lauderdale-Pompano Beach, FL"
"2676460","Sterling Heights, MI","City",133744,"Michigan","Macomb County","Detroit-Warren-Dearborn, MI"
"4848072","Midland, TX","City",132490,"Texas","Midland County","Midland, TX"
"4813024","Carrollton, TX","City",132284,"Texas","Denton County","Dallas-Fort Worth-Arlington, TX"
"39173","Wood County, OH","County",131564,"Ohio","Wood County","Toledo, OH"
"22015","Bossier County, LA","County",128877,"Louisiana","Bossier Parish","Shreveport-Bossier City, LA"
"13059","Clarke County, GA","County",128864,"Georgia","Clarke County","Athens-Clarke County, GA"
"0669084","Santa Clara, CA","City",128058,"California","Santa Clara County","San Jose-Sunnyvale-Santa Clara, CA"
"3825700","Fargo, ND","City",127319,"North Dakota","Cass County","Fargo, ND-MN"
"30020","Lawton, OK","Metro",127314,"","","Lawton, OK"
"1303440","Athens, GA","City",126672,"Georgia","Clarke County","Athens-Clarke County, GA"
"0678582","Thousand Oaks, CA","City",126532,"California","Ventura County","Oxnard-Thousand Oaks-Ventura, CA"
"0672016","Simi Valley, CA","City",126153,"California","Ventura County","Oxnard-Thousand Oaks-Ventura, CA"
"43420","Sierra Vista-Douglas, AZ","Metro",125504,"","","Sierra Vista-Douglas, AZ"
"04003","Cochise County, AZ","County",125504,"Arizona","Cochise County","Sierra Vista-Douglas, AZ"
"4202000","Allentown, PA","City",125292,"Pennsylvania","Lehigh County","Allentown-Bethlehem-Easton, PA-NJ"
"4842508","Lewisville, TX","City",125028,"Texas","Denton County","Dallas-Fort Worth-Arlington, TX"
"0616000","Concord, CA","City",125007,"California","Contra Costa County","San Francisco-Oakland-Berkeley, CA"
"4856348","Pearland, TX","City",124478,"Texas","Brazoria County","Houston-The Woodlands-Sugar Land, TX"
"48183","Gregg County, TX","County",124245,"Texas","Gregg County","Longview, TX"
"0803455","Arvada, CO","City",123066,"Colorado","Jefferson County","Denver-Aurora-Lakewood, CO"
"48300","Wenatchee, WA","Metro",122265,"","","Wenatchee, WA"
"41660","San Angelo, TX","Metro",122229,"","","San Angelo, TX"
"2935000","Independence, MO","City",122218,"Missouri","Jackson County","Kansas City, MO-KS"
"2603000","Ann Arbor, MI","City",122216,"Michigan","Washtenaw County","Ann Arbor, MI"
"40031","Comanche County, OK","County",121777,"Oklahoma","Comanche County","Lawton, OK"
"2240735","Lafayette, LA","City",121706,"Louisiana","Lafayette Parish","Lafayette, LA"
"1254000","Palm Bay, FL","City",121513,"Florida","Brevard County","Palm Bay-Melbourne-Titusville, FL"
"18019","Clark County, IN","County",121484,"Indiana","Clark County","Louisville/Jefferson County, KY-IN"
"0606000","Berkeley, CA","City",121385,"California","Alameda County","San Francisco-Oakland-Berkeley, CA"
"2754880","Rochester, MN","City",120848,"Minnesota","Olmsted County","Rochester, MN"
"4863500","Round Rock, TX","City",120465,"Texas","Williamson County","Austin-Round Rock-Georgetown, TX"
"4815976","College Station, TX","City",120451,"Texas","Brazos County","College Station-Bryan, TX"
"14580","Bozeman, MT","Metro",119685,"","","Bozeman, MT"
"30031","Gallatin County, MT","County",119685,"Montana","Gallatin County","Bozeman, MT"
"0623182","Fairfield, CA","City",119420,"California","Solano County","Vallejo, CA"
"48451","Tom Green County, TX","County",119276,"Texas","Tom Green County","San Angelo, TX"
"4872656","The Woodlands, TX","City",118402,"Texas","Montgomery County","Houston-The Woodlands-Sugar Land, TX"
"4861796","Richardson, TX","City",118063,"Texas","Dallas County","Dallas-Fort Worth-Arlington, TX"
"2511000","Cambridge, MA","City",117962,"Massachusetts","Middlesex County","Boston-Cambridge-Newton, MA-NH"
"1276600","West Palm Beach, FL","City",117588,"Florida","Palm Beach County","Miami-Fort Lauderdale-Pompano Beach, FL"
"3006550","Billings, MT","City",117093,"Montana","Yellowstone County","Billings, MT"
"1212875","Clearwater, FL","City",116984,"Florida","Pinellas County","Tampa-St. Petersburg-Clearwater, FL"
"3774440","Wilmington, NC","City",116933,"North Carolina","New Hanover County","Wilmington, NC"
"1822000","Evansville, IN","City",116906,"Indiana","Vanderburgh County","Evansville, IN-KY"
"4982950","West Jordan, UT","City",116383,"Utah","Salt Lake County","Salt Lake City, UT"
"4550875","North Charleston, SC","City",115755,"South Carolina","Charleston County","Charleston-North Charleston, SC"
"0883835","Westminster, CO","City",115502,"Colorado","Jefferson County","Denver-Aurora-Lakewood, CO"
"3345140","Manchester, NH","City",115037,"New Hampshire","Hillsborough County","Manchester-Nashua, NH"
"1208150","Brandon, FL","City",114923,"Florida","Hillsborough County","Tampa-St. Petersburg-Clearwater, FL"
"0611194","Carlsbad, CA","City",114745,"California","San Diego County","San Diego-Chula Vista-Carlsbad, CA"
"2537000","Lowell, MA","City",114737,"Massachusetts","Middlesex County","Boston-Cambridge-Newton, MA-NH"
"4807000","Beaumont, TX","City",114573,"Texas","Jefferson County","Beaumont-Port Arthur, TX"
"1238250","Lakeland, FL","City",114404,"Florida","Polk County","Lakeland-Winter Haven, FL"
"3731400","High Point, NC","City",114120,"North Carolina","Guilford County","Greensboro-High Point, NC"
"15680","California-Lexington Park, MD","Metro",113814,"","","California-Lexington Park, MD"
"24037","St. Mary's County, MD","County",113814,"Maryland","St. Mary's County","California-Lexington Park, MD"
"4131250","Gresham, OR","City",113525,"Oregon","Multnomah County","Portland-Vancouver-Hillsboro, OR-WA"
"4841980","League City, TX","City",113469,"Texas","Galveston County","Houston-The Woodlands-Sugar Land, TX"
"4853388","Odessa, TX","City",113353,"Texas","Ector County","Odessa, TX"
"13217","Newton County, GA","County",113298,"Georgia","Newton County","Atlanta-Sandy Springs-Alpharetta, GA"
"2646000","Lansing, MI","City",112986,"Michigan","Ingham County","Lansing-East Lansing, MI"
"51003","Albemarle County, VA","County",112513,"Virginia","Albemarle County","Charlottesville, VA"
"0650076","Murrieta, CA","City",111899,"California","Riverside County","Riverside-San Bernardino-Ontario, CA"
"1258050","Pompano Beach, FL","City",111790,"Florida","Broward County","Miami-Fort Lauderdale-Pompano Beach, FL"
"1245060","Miami Gardens, FL","City",111618,"Florida","Miami-Dade County","Miami-Fort Lauderdale-Pompano Beach, FL"
"0616532","Costa Mesa, CA","City",111490,"California","Orange County","Los Angeles-Long Beach-Anaheim, CA"
"0862000","Pueblo, CO","City",111430,"Colorado","Pueblo County","Pueblo, CO"
"5322640","Everett, WA","City",110847,"Washington","Snohomish County","Seattle-Tacoma-Bellevue, WA"
"46103","Pennington County, SD","County",110386,"South Dakota","Pennington County","Rapid City, SD"
"0665042","Ventura, CA","City",110358,"California","Ventura County","Oxnard-Thousand Oaks-Ventura, CA"
"0678120","Temecula, CA","City",110114,"California","Riverside County","Riverside-San Bernardino-Ontario, CA"
"13015","Bartow County, GA","County",109410,"Georgia","Bartow County","Atlanta-Sandy Springs-Alpharetta, GA"
"0684200","West Covina, CA","City",108173,"California","Los Angeles County","Los Angeles-Long Beach-Anaheim, CA"
"3268400","Sparks, NV","City",108025,"Nevada","Washoe County","Reno, NV"
"0832155","Greeley, CO","City",107949,"Colorado","Weld County","Greeley, CO"
"0812815","Centennial, CO","City",107702,"Colorado","Arapahoe County","Denver-Aurora-Lakewood, CO"
"1368516","Sandy Springs, GA","City",107221,"Georgia","Fulton County","Atlanta-Sandy Springs-Alpharetta, GA"
"27019","Carver County, MN","County",107216,"Minnesota","Carver County","Minneapolis-St. Paul-Bloomington, MN-WI"
"29165","Platte County, MO","County",107033,"Missouri","Platte County","Kansas City, MO-KS"
"4134100","Hillsboro, OR","City",106612,"Oregon","Washington County","Portland-Vancouver-Hillsboro, OR-WA"
"2419125","Columbia, MD","City",106600,"Maryland","Howard County","Baltimore-Columbia-Towson, MD"
"0807850","Boulder, CO","City",106598,"Colorado","Boulder County","Boulder, CO"
"4874144","Tyler, TX","City",106440,"Texas","Smith County","Tyler, TX"
"0608954","Burbank, CA","City",106389,"California","Los Angeles County","Los Angeles-Long Beach-Anaheim, CA"
"18167","Vigo County, IN","County",106355,"Indiana","Vigo County","Terre Haute, IN"
"1216475","Davie, FL","City",105821,"Florida","Broward County","Miami-Fort Lauderdale-Pompano Beach, FL"
"0177256","Tuscaloosa, AL","City",105797,"Alabama","Tuscaloosa County","Tuscaloosa, AL"
"0621712","El Cajon, CA","City",105721,"California","San Diego County","San Diego-Chula Vista-Carlsbad, CA"
"4801924","Allen, TX","City",105444,"Texas","Collin County","Dallas-Fort Worth-Arlington, TX"
"5357745","Renton, WA","City",105355,"Washington","King County","Seattle-Tacoma-Bellevue, WA"
"01083","Limestone County, AL","County",104199,"Alabama","Limestone County","Huntsville, AL"
"0668252","San Mateo, CA","City",104165,"California","San Mateo County","San Francisco-Oakland-Berkeley, CA"
"29300","LaGrange, GA-AL","Metro",104139,"","","LaGrange, GA-AL"
"24220","Grand Forks, ND-MN","Metro",104055,"","","Grand Forks, ND-MN"
"24015","Cecil County, MD","County",103876,"Maryland","Cecil County","Philadelphia-Camden-Wilmington, PA-NJ-DE-MD"
"24045","Wicomico County, MD","County",103815,"Maryland","Wicomico County","Salisbury, MD-DE"
"5367167","Spokane Valley, WA","City",103761,"Washington","Spokane County","Spokane-Spokane Valley, WA"
"0617918","Daly City, CA","City",103648,"California","San Mateo County","San Francisco-Oakland-Berkeley, CA"
"1871000","South Bend, IN","City",103084,"Indiana","St. Joseph County","South Bend-Mishawaka, IN-MI"
"2941348","Lee's Summit, MO","City",101728,"Missouri","Jackson County","Kansas City, MO-KS"
"0681554","Vacaville, CA","City",101631,"California","Solano County","Vallejo, CA"
"0836410","Highlands Ranch, CO","City",101514,"Colorado","Douglas County","Denver-Aurora-Lakewood, CO"
"2555745","Quincy, MA","City",100981,"Massachusetts","Norfolk County","Boston-Cambridge-Newton, MA-NH"
"19049","Dallas County, IA","County",100367,"Iowa","Dallas County","Des Moines-West Des Moines, IA"
"3601000","Albany, NY","City",99692,"New York","Albany County","Albany-Schenectady-Troy, NY"
"5323515","Federal Way, WA","City",99614,"Washington","King County","Seattle-Tacoma-Bellevue, WA"
"1810342","Carmel, IN","City",99453,"Indiana","Hamilton County","Indianapolis-Carmel-Anderson, IN"
"4105800","Bend, OR","City",99442,"Oregon","Deschutes County","Bend, OR"
"4864472","San Angelo, TX","City",99422,"Texas","Tom Green County","San Angelo, TX"
"5168000","Roanoke, VA","City",99213,"Virginia","Roanoke city","Roanoke, VA"
"34180","Moses Lake, WA","Metro",99145,"","","Moses Lake, WA"
"53025","Grant County, WA","County",99145,"Washington","Grant County","Moses Lake, WA"
"1823278","Fishers, IN","City",99041,"Indiana","Hamilton County","Indianapolis-Carmel-Anderson, IN"
"0682996","Vista, CA","City",98392,"California","San Diego County","San Diego-Chula Vista-Carlsbad, CA"
"47020","Victoria, TX","Metro",98301,"","","Victoria, TX"
"0845970","Longmont, CO","City",98282,"Colorado","Boulder County","Boulder, CO"
"1207300","Boca Raton, FL","City",97980,"Florida","Palm Beach County","Miami-Fort Lauderdale-Pompano Beach, FL"
"4105350","Beaverton, OR","City",97554,"Oregon","Washington County","Portland-Vancouver-Hillsboro, OR-WA"
"0428380","Goodyear, AZ","City",97542,"Arizona","Maricopa County","Phoenix-Mesa-Chandler, AZ"
"5164000","Portsmouth, VA","City",97384,"Virginia","Portsmouth city","Virginia Beach-Norfolk-Newport News, VA-NC"
"51740","Portsmouth County, VA","County",97384,"Virginia","Portsmouth city","Virginia Beach-Norfolk-Newport News, VA-NC"
"4957300","Orem, UT","City",97100,"Utah","Utah County","Provo-Orem, UT"
"1269700","Sunrise, FL","City",96510,"Florida","Broward County","Miami-Fort Lauderdale-Pompano Beach, FL"
"4967440","Sandy, UT","City",95635,"Utah","Salt Lake County","Salt Lake City, UT"
"5176432","Suffolk, VA","City",94856,"Virginia","Suffolk city","Virginia Beach-Norfolk-Newport News, VA-NC"
"51800","Suffolk County, VA","County",94856,"Virginia","Suffolk city","Virginia Beach-Norfolk-Newport News, VA-NC"
"4023200","Edmond, OK","City",94503,"Oklahoma","Oklahoma County","Oklahoma City, OK"
"3702140","Asheville, NC","City",93695,"North Carolina","Buncombe County","Asheville, NC"
"13247","Rockdale County, GA","County",93641,"Georgia","Rockdale County","Atlanta-Sandy Springs-Alpharetta, GA"
"19155","Pottawattamie County, IA","County",93543,"Iowa","Pottawattamie County","Omaha-Council Bluffs, NE-IA"
"0648256","Mission Viejo, CA","City",93233,"California","Orange County","Los Angeles-Long Beach-Anaheim, CA"
"1257425","Plantation, FL","City",93130,"Florida","Broward County","Miami-Fort Lauderdale-Pompano Beach, FL"
"21037","Campbell County, KY","County",93122,"Kentucky","Campbell County","Cincinnati, OH-KY-IN"
"4850820","New Braunfels, TX","City",92993,"Texas","Comal County","San Antonio-New Braunfels, TX"
"1367284","Roswell, GA","City",92770,"Georgia","Fulton County","Atlanta-Sandy Springs-Alpharetta, GA"
"4816432","Conroe, TX","City",92475,"Texas","Montgomery County","Houston-The Woodlands-Sugar Land, TX"
"0670000","Santa Monica, CA","City",92168,"California","Los Angeles County","Los Angeles-Long Beach-Anaheim, CA"
"5335940","Kirkland, WA","City",92015,"Washington","King County","Seattle-Tacoma-Bellevue, WA"
"0135896","Hoover, AL","City",91995,"Alabama","Jefferson County","Birmingham-Hoover, AL"
"2954074","O'Fallon, MO","City",91825,"Missouri","St. Charles County","St. Louis, MO-IL"
"48469","Victoria County, TX","County",91209,"Texas","Victoria County","Victoria, TX"
"0955990","Norwalk, CT","City",91050,"Connecticut","Fairfield County","Bridgeport-Stamford-Norwalk, CT"
"4041850","Lawton, OK","City",91023,"Oklahoma","Comanche County","Lawton, OK"
"0613210","Chino, CA","City",91008,"California","San Bernardino County","Riverside-San Bernardino-Ontario, CA"
"4548535","Mount Pleasant, SC","City",90945,"South Carolina","Charleston County","Charleston-North Charleston, SC"
"3350260","Nashua, NH","City",90943,"New Hampshire","Hillsborough County","Manchester-Nashua, NH"
"2432025","Germantown, MD","City",90210,"Maryland","Montgomery County","Washington-Arlington-Alexandria, DC-VA-MD-WV"
"0668084","San Leandro, CA","City",89723,"California","Alameda County","San Francisco-Oakland-Berkeley, CA"
"2706616","Bloomington, MN","City",89244,"Minnesota","Hennepin County","Minneapolis-St. Paul-Bloomington, MN-WI"
"0404720","Avondale, AZ","City",89214,"Arizona","Maricopa County","Phoenix-Mesa-Chandler, AZ"
"1224125","Fort Myers, FL","City",88699,"Florida","Lee County","Cape Coral-Fort Myers, FL"
"2534550","Lawrence, MA","City",88067,"Massachusetts","Essex County","Boston-Cambridge-Newton, MA-NH"
"3728080","Greenville, NC","City",87894,"North Carolina","Pitt County","Greenville, NC"
"3570500","Santa Fe, NM","City",87617,"New Mexico","Santa Fe County","Santa Fe, NM"
"2680700","Troy, MI","City",87170,"Michigan","Oakland County","Detroit-Warren-Dearborn, MI"
"0641992","Livermore, CA","City",87154,"California","Alameda County","San Francisco-Oakland-Berkeley, CA"
"0613588","Citrus Heights, CA","City",87127,"California","Sacramento County","Sacramento-Roseville-Folsom, CA"
"4955980","Ogden, UT","City",86754,"Utah","Weber County","Ogden-Clearfield, UT"
"0566080","Springdale, AR","City",86705,"Arkansas","Washington County","Fayetteville-Springdale-Rogers, AR"
"5303180","Auburn, WA","City",85623,"Washington","King County","Seattle-Tacoma-Bellevue, WA"
"0639496","Lake Forest, CA","City",85583,"California","Orange County","Los Angeles-Long Beach-Anaheim, CA"
"0651182","Newport Beach, CA","City",85159,"California","Orange County","Los Angeles-Long Beach-Anaheim, CA"
"1243975","Melbourne, FL","City",84982,"Florida","Brevard County","Palm Bay-Melbourne-Titusville, FL"
"2707966","Brooklyn Park, MN","City",84951,"Minnesota","Hennepin County","Minneapolis-St. Paul-Bloomington, MN-WI"
"4810912","Bryan, TX","City",84820,"Texas","Brazos County","College Station-Bryan, TX"
"4806128","Baytown, TX","City",84449,"Texas","Harris County","Houston-The Woodlands-Sugar Land, TX"
"13013","Barrow County, GA","County",84399,"Georgia","Barrow County","Atlanta-Sandy Springs-Alpharetta, GA"
"5335275","Kennewick, WA","City",83823,"Washington","Benton County","Kennewick-Richland, WA"
"4727740","Franklin, TN","City",83630,"Tennessee","Williamson County","Nashville-Davidson--Murfreesboro--Franklin, TN"
"2627440","Farmington Hills, MI","City",83562,"Michigan","Oakland County","Detroit-Warren-Dearborn, MI"
"4872176","Temple, TX","City",83473,"Texas","Bell County","Killeen-Temple, TX"
"0660102","Redwood City, CA","City",83077,"California","San Mateo County","San Francisco-Oakland-Berkeley, CA"
"1239425","Largo, FL","City",82541,"Florida","Pinellas County","Tampa-St. Petersburg-Clearwater, FL"
"2241155","Lake Charles, LA","City",82430,"Louisiana","Calcasieu Parish","Lake Charles, LA"
"1245025","Miami Beach, FL","City",82400,"Florida","Miami-Dade County","Miami-Fort Lauderdale-Pompano Beach, FL"
"18020","Columbus, IN","Metro",82371,"","","Columbus, IN"
"18005","Bartholomew County, IN","County",82371,"Indiana","Bartholomew County","Columbus, IN"
"1342425","Johns Creek, GA","City",82230,"Georgia","Fulton County","Atlanta-Sandy Springs-Alpharetta, GA"
"4843888","Longview, TX","City",82176,"Texas","Gregg County","Longview, TX"
"0649670","Mountain View, CA","City",82132,"California","Santa Clara County","San Jose-Sunnyvale-Santa Clara, CA"
"2472450","Silver Spring, MD","City",81808,"Maryland","Montgomery County","Washington-Arlington-Alexandria, DC-VA-MD-WV"
"4943660","Layton, UT","City",81726,"Utah","Davis County","Ogden-Clearfield, UT"
"0624638","Folsom, CA","City",81077,"California","Sacramento County","Sacramento-Roseville-Folsom, CA"
"2481175","Waldorf, MD","City",81077,"Maryland","Charles County","Washington-Arlington-Alexandria, DC-VA-MD-WV"
"3650617","New Rochelle, NY","City",80828,"New York","Westchester County","New York-Newark-Jersey City, NY-NJ-PA"
"3725580","Gastonia, NC","City",80615,"North Carolina","Gaston County","Charlotte-Concord-Gastonia, NC-SC"
"2562535","Somerville, MA","City",80464,"Massachusetts","Middlesex County","Boston-Cambridge-Newton, MA-NH"
"1207875","Boynton Beach, FL","City",80068,"Florida","Palm Beach County","Miami-Fort Lauderdale-Pompano Beach, FL"
"2751730","Plymouth, MN","City",79918,"Minnesota","Hennepin County","Minneapolis-St. Paul-Bloomington, MN-WI"
"0680854","Tustin, CA","City",79514,"California","Orange County","Los Angeles-Long Beach-Anaheim, CA"
"0650258","Napa, CA","City",79233,"California","Napa County","Napa, CA"
"0647766","Milpitas, CA","City",79092,"California","Santa Clara County","San Jose-Sunnyvale-Santa Clara, CA"
"1805860","Bloomington, IN","City",79006,"Indiana","Monroe County","Bloomington, IN"
"0681344","Upland, CA","City",78847,"California","San Bernardino County","Riverside-San Bernardino-Ontario, CA"
"51095","James City County, VA","County",78818,"Virginia","James City County","Virginia Beach-Norfolk-Newport News, VA-NC"
"1706613","Bloomington, IL","City",78788,"Illinois","McLean County","Bloomington, IL"
"0657792","Pleasanton, CA","City",78691,"California","Alameda County","San Francisco-Oakland-Berkeley, CA"
"1236950","Kissimmee, FL","City",78478,"Florida","Osceola County","Orlando-Kissimmee-Sanford, FL"
"2430325","Frederick, MD","City",78390,"Maryland","Frederick County","Washington-Arlington-Alexandria, DC-VA-MD-WV"
"0613214","Chino Hills, CA","City",78223,"California","San Bernardino County","Riverside-San Bernardino-Ontario, CA"
"4970850","South Jordan, UT","City",78118,"Utah","Salt Lake County","Salt Lake City, UT"
"1768003","Schaumburg, IL","City",77571,"Illinois","Cook County","Chicago-Naperville-Elgin, IL-IN-WI"
"0600562","Alameda, CA","City",77565,"California","Alameda County","San Francisco-Oakland-Berkeley, CA"
"1249675","North Port, FL","City",76975,"Florida","Sarasota County","North Port-Sarasota-Bradenton, FL"
"1702154","Arlington Heights, IL","City",76794,"Illinois","Cook County","Chicago-Naperville-Elgin, IL-IN-WI"
"2688940","Wyoming, MI","City",76732,"Michigan","Kent County","Grand Rapids-Kentwood, MI"
"4826232","Flower Mound, TX","City",76630,"Texas","Denton County","Dallas-Fort Worth-Arlington, TX"
"4813552","Cedar Park, TX","City",76344,"Texas","Williamson County","Austin-Round Rock-Georgetown, TX"
"0423620","Flagstaff, AZ","City",76177,"Arizona","Coconino County","Flagstaff, AZ"
"2674900","Southfield, MI","City",76107,"Michigan","Oakland County","Detroit-Warren-Dearborn, MI"
"4652980","Rapid City, SD","City",75632,"South Dakota","Pennington County","Rapid City, SD"
"2771428","Woodbury, MN","City",75549,"Minnesota","Washington County","Minneapolis-St. Paul-Bloomington, MN-WI"
"1217935","Doral, FL","City",74891,"Florida","Miami-Dade County","Miami-Fort Lauderdale-Pompano Beach, FL"
"4561405","Rock Hill, SC","City",74170,"South Carolina","York County","Charlotte-Concord-Gastonia, NC-SC"
"0812415","Castle Rock, CO","City",74065,"Colorado","Douglas County","Denver-Aurora-Lakewood, CO"
"1239550","Lauderhill, FL","City",73987,"Florida","Broward County","Miami-Fort Lauderdale-Pompano Beach, FL"
"0809280","Broomfield, CO","City",73946,"Colorado","Broomfield County","Denver-Aurora-Lakewood, CO"
"08014","Broomfield County, CO","County",73946,"Colorado","Broomfield County","Denver-Aurora-Lakewood, CO"
"5357535","Redmond, WA","City",73728,"Washington","King County","Seattle-Tacoma-Bellevue, WA"
"4846452","Mansfield, TX","City",73680,"Texas","Tarrant County","Dallas-Fort Worth-Arlington, TX"
"2426000","Ellicott City, MD","City",73589,"Maryland","Howard County","Baltimore-Columbia-Towson, MD"
"2642160","Kalamazoo, MI","City",73342,"Michigan","Kalamazoo County","Kalamazoo-Portage, MI"
"1216525","Daytona Beach, FL","City",73329,"Florida","Volusia County","Deltona-Daytona Beach-Ormond Beach, FL"
"38035","Grand Forks County, ND","County",72927,"North Dakota","Grand Forks County","Grand Forks, ND-MN"
"5114440","Centreville, VA","City",72680,"Virginia","Fairfax County","Washington-Arlington-Alexandria, DC-VA-MD-WV"
"2108902","Bowling Green, KY","City",72385,"Kentucky","Warren County","Bowling Green, KY"
"2524960","Framingham, MA","City",71805,"Massachusetts","Middlesex County","Boston-Cambridge-Newton, MA-NH"
"4829336","Georgetown, TX","City",71788,"Texas","Williamson County","Austin-Round Rock-Georgetown, TX"
"0662364","Rocklin, CA","City",71676,"California","Placer County","Sacramento-Roseville-Folsom, CA"
"2432650","Glen Burnie, MD","City",71427,"Maryland","Anne Arundel County","Baltimore-Columbia-Towson, MD"
"0620018","Dublin, CA","City",71068,"California","Alameda County","San Francisco-Oakland-Berkeley, CA"
"1077580","Wilmington, DE","City",71034,"Delaware","New Castle County","Philadelphia-Camden-Wilmington, PA-NJ-DE-MD"
"4530850","Greenville, SC","City",70838,"South Carolina","Greenville County","Greenville-Anderson, SC"
"1840788","Lafayette, IN","City",70828,"Indiana","Tippecanoe County","Lafayette-West Lafayette, IN"
"2964082","St. Charles, MO","City",70687,"Missouri","St. Charles County","St. Louis, MO-IL"
"0610046","Camarillo, CA","City",70622,"California","Ventura County","Oxnard-Thousand Oaks-Ventura, CA"
"3403580","Bayonne, NJ","City",70497,"New Jersey","Hudson County","New York-Newark-Jersey City, NY-NJ-PA"
"1854180","Noblesville, IN","City",70442,"Indiana","Hamilton County","Indianapolis-Carmel-Anderson, IN"
"51199","York County, VA","County",70238,"Virginia","York County","Virginia Beach-Norfolk-Newport News, VA-NC"
"4852356","North Richland Hills, TX","City",70114,"Texas","Tarrant County","Dallas-Fort Worth-Arlington, TX"
"2740166","Maple Grove, MN","City",70110,"Minnesota","Hennepin County","Minneapolis-St. Paul-Bloomington, MN-WI"
"2706382","Blaine, MN","City",70047,"Minnesota","Anoka County","Minneapolis-St. Paul-Bloomington, MN-WI"
"0683346","Walnut Creek, CA","City",69809,"California","Contra Costa County","San Francisco-Oakland-Berkeley, CA"
"38101","Ward County, ND","County",69532,"North Dakota","Ward County","Minot, ND"
"13285","Troup County, GA","County",69527,"Georgia","Troup County","LaGrange, GA-AL"
"0681204","Union City, CA","City",69502,"California","Alameda County","San Francisco-Oakland-Berkeley, CA"
"2431175","Gaithersburg, MD","City",69016,"Maryland","Montgomery County","Washington-Arlington-Alexandria, DC-VA-MD-WV"
"2756896","St. Cloud, MN","City",68910,"Minnesota","Stearns County","St. Cloud, MN"
"1275875","Wesley Chapel, FL","City",68814,"Florida","Pasco County","Tampa-St. Petersburg-Clearwater, FL"
"1983910","West Des Moines, IA","City",68744,"Iowa","Polk County","Des Moines-West Des Moines, IA"
"1902305","Ankeny, IA","City",68392,"Iowa","Polk County","Des Moines-West Des Moines, IA"
"2717288","Eagan, MN","City",68262,"Minnesota","Dakota County","Minneapolis-St. Paul-Bloomington, MN-WI"
"2064500","Shawnee, KS","City",67671,"Kansas","Johnson County","Kansas City, MO-KS"
"4865600","San Marcos, TX","City",67143,"Texas","Hays County","Austin-Round Rock-Georgetown, TX"
"2467675","Rockville, MD","City",67142,"Maryland","Montgomery County","Washington-Arlington-Alexandria, DC-VA-MD-WV"
"2407125","Bethesda, MD","City",66316,"Maryland","Montgomery County","Washington-Arlington-Alexandria, DC-VA-MD-WV"
"1301696","Alpharetta, GA","City",65884,"Georgia","Fulton County","Atlanta-Sandy Springs-Alpharetta, GA"
"46083","Lincoln County, SD","County",65801,"South Dakota","Lincoln County","Sioux Falls, SD"
"3701520","Apex, NC","City",65541,"North Carolina","Wake County","Raleigh-Cary, NC"
"4875428","Victoria, TX","City",65481,"Texas","Victoria County","Victoria, TX"
"2537875","Malden, MA","City",65463,"Massachusetts","Middlesex County","Boston-Cambridge-Newton, MA-NH"
"2572600","Waltham, MA","City",64711,"Massachusetts","Middlesex County","Boston-Cambridge-Newton, MA-NH"
"4857176","Pflugerville, TX","City",64528,"Texas","Travis County","Austin-Round Rock-Georgetown, TX"
"0550450","North Little Rock, AR","City",64454,"Arkansas","Pulaski County","Little Rock-North Little Rock-Conway, AR"
"0639248","Laguna Niguel, CA","City",64259,"California","Orange County","Los Angeles-Long Beach-Anaheim, CA"
"2708794","Burnsville, MN","City",64075,"Minnesota","Dakota County","Minneapolis-St. Paul-Bloomington, MN-WI"
"4869596","Spring, TX","City",63930,"Texas","Harris County","Houston-The Woodlands-Sugar Land, TX"
"2718116","Eden Prairie, MN","City",63623,"Minnesota","Hennepin County","Minneapolis-St. Paul-Bloomington, MN-WI"
"1829898","Greenwood, IN","City",63579,"Indiana","Johnson County","Indianapolis-Carmel-Anderson, IN"
"4950150","Millcreek, UT","City",63520,"Utah","Salt Lake County","Salt Lake City, UT"
"1250750","Ocala, FL","City",63504,"Florida","Marion County","Ocala, FL"
"3103950","Bellevue, NE","City",63336,"Nebraska","Sarpy County","Omaha-Council Bluffs, NE-IA"
"5338038","Lakewood, WA","City",63142,"Washington","Pierce County","Seattle-Tacoma-Bellevue, WA"
"0816495","Commerce City, CO","City",63050,"Colorado","Adams County","Denver-Aurora-Lakewood, CO"
"1916860","Council Bluffs, IA","City",62670,"Iowa","Pottawattamie County","Omaha-Council Bluffs, NE-IA"
"4842016","Leander, TX","City",62491,"Texas","Williamson County","Austin-Round Rock-Georgetown, TX"
"5166672","Reston, VA","City",62339,"Virginia","Fairfax County","Washington-Arlington-Alexandria, DC-VA-MD-WV"
"4169600","Springfield, OR","City",61740,"Oregon","Lane County","Eugene-Springfield, OR"
"4733280","Hendersonville, TN","City",61589,"Tennessee","Sumner County","Nashville-Davidson--Murfreesboro--Franklin, TN"
"1254350","Palm Harbor, FL","City",61589,"Florida","Pinellas County","Tampa-St. Petersburg-Clearwater, FL"
"1349756","Marietta, GA","City",61387,"Georgia","Cobb County","Atlanta-Sandy Springs-Alpharetta, GA"
"1263650","Sanford, FL","City",61272,"Florida","Seminole County","Orlando-Kissimmee-Sanford, FL"
"3733120","Huntersville, NC","City",61202,"North Carolina","Mecklenburg County","Charlotte-Concord-Gastonia, NC-SC"
"0640004","La Mesa, CA","City",60888,"California","San Diego County","San Diego-Chula Vista-Carlsbad, CA"
"5358235","Richland, WA","City",60867,"Washington","Benton County","Kennewick-Richland, WA"
"4824768","Euless, TX","City",60360,"Texas","Tarrant County","Dallas-Fort Worth-Arlington, TX"
"1249450","North Miami, FL","City",59854,"Florida","Miami-Dade County","Miami-Fort Lauderdale-Pompano Beach, FL"
"4975360","Taylorsville, UT","City",59729,"Utah","Salt Lake County","Salt Lake City, UT"
"3681677","White Plains, NY","City",59421,"New York","Westchester County","New York-Newark-Jersey City, NY-NJ-PA"
"1254075","Palm Beach Gardens, FL","City",59088,"Florida","Palm Beach County","Miami-Fort Lauderdale-Pompano Beach, FL"
"3832060","Grand Forks, ND","City",58935,"North Dakota","Grand Forks County","Grand Forks, ND-MN"
"3711800","Chapel Hill, NC","City",58919,"North Carolina","Orange County","Durham-Chapel Hill, NC"
"0857630","Parker, CO","City",58733,"Colorado","Douglas County","Denver-Aurora-Lakewood, CO"
"5363960","Shoreline, WA","City",58673,"Washington","King County","Seattle-Tacoma-Bellevue, WA"
"2408775","Bowie, MD","City",57922,"Maryland","Prince George's County","Washington-Arlington-Alexandria, DC-VA-MD-WV"
"2478425","Towson, MD","City",57617,"Maryland","Baltimore County","Baltimore-Columbia-Towson, MD"
"1213275","Coconut Creek, FL","City",57574,"Florida","Broward County","Miami-Fort Lauderdale-Pompano Beach, FL"
"2039350","Lenexa, KS","City",57497,"Kansas","Johnson County","Kansas City, MO-KS"
"2578972","Weymouth Town, MA","City",57300,"Massachusetts","Norfolk County","Boston-Cambridge-Newton, MA-NH"
"2405950","Bel Air South, MD","City",57109,"Maryland","Harford County","Baltimore-Columbia-Towson, MD"
"0145784","Madison, AL","City",56967,"Alabama","Madison County","Huntsville, AL"
"3709060","Burlington, NC","City",56951,"North Carolina","Alamance County","Burlington, NC"
"1310944","Brookhaven, GA","City",56848,"Georgia","DeKalb County","Atlanta-Sandy Springs-Alpharetta, GA"
"1224581","Four Corners, FL","City",56537,"Florida","Osceola County","Orlando-Kissimmee-Sanford, FL"
"5336745","Lacey, WA","City",56263,"Washington","Thurston County","Olympia-Lacey-Tumwater, WA"
"4820092","DeSoto, TX","City",55882,"Texas","Dallas County","Dallas-Fort Worth-Arlington, TX"
"1371492","Smyrna, GA","City",55863,"Georgia","Cobb County","Atlanta-Sandy Springs-Alpharetta, GA"
"1207950","Bradenton, FL","City",55795,"Florida","Manatee County","North Port-Sarasota-Bradenton, FL"
"3451210","New Brunswick, NJ","City",55718,"New Jersey","Middlesex County","New York-Newark-Jersey City, NY-NJ-PA"
"1264175","Sarasota, FL","City",55508,"Florida","Sarasota County","North Port-Sarasota-Bradenton, FL"
"1378800","Valdosta, GA","City",55266,"Georgia","Lowndes County","Valdosta, GA"
"0410530","Casa Grande, AZ","City",55186,"Arizona","Pinal County","Phoenix-Mesa-Chandler, AZ"
"4173650","Tigard, OR","City",55161,"Oregon","Washington County","Portland-Vancouver-Hillsboro, OR-WA"
"5351300","Olympia, WA","City",55151,"Washington","Thurston County","Olympia-Lacey-Tumwater, WA"
"2869280","Southaven, MS","City",54908,"Mississippi","DeSoto County","Memphis, TN-MS-AR"
"2552490","Peabody, MA","City",54204,"Massachusetts","Essex County","Boston-Cambridge-Newton, MA-NH"
"1255925","Pensacola, FL","City",54059,"Florida","Escambia County","Pensacola-Ferry Pass-Brent, FL"
"1754885","Oak Park, IL","City",53834,"Illinois","Cook County","Chicago-Naperville-Elgin, IL-IN-WI"
"4769420","Smyrna, TN","City",53760,"Tennessee","Rutherford County","Nashville-Davidson--Murfreesboro--Franklin, TN"
"1781048","Wheaton, IL","City",53673,"Illinois","DuPage County","Chicago-Naperville-Elgin, IL-IN-WI"
"2743252","Minnetonka, MN","City",53529,"Minnesota","Hennepin County","Minneapolis-St. Paul-Bloomington, MN-WI"
"3008950","Bozeman, MT","City",53500,"Montana","Gallatin County","Bozeman, MT"
"1256975","Pinellas Park, FL","City",53352,"Florida","Pinellas County","Tampa-St. Petersburg-Clearwater, FL"
"4828068","Galveston, TX","City",53265,"Texas","Galveston County","Houston-The Woodlands-Sugar Land, TX"
"4872392","Texas City, TX","City",53084,"Texas","Galveston County","Houston-The Woodlands-Sugar Land, TX"
"2718188","Edina, MN","City",53037,"Minnesota","Hennepin County","Minneapolis-St. Paul-Bloomington, MN-WI"
"2483775","Wheaton, MD","City",52775,"Maryland","Montgomery County","Washington-Arlington-Alexandria, DC-VA-MD-WV"
"3479610","West New York, NJ","City",52438,"New Jersey","Hudson County","New York-Newark-Jersey City, NY-NJ-PA"
"0600947","Aliso Viejo, CA","City",51896,"California","Orange County","Los Angeles-Long Beach-Anaheim, CA"
"0657526","Placentia, CA","City",51797,"California","Orange County","Los Angeles-Long Beach-Anaheim, CA"
"1735411","Hoffman Estates, IL","City",51744,"Illinois","Cook County","Chicago-Naperville-Elgin, IL-IN-WI"
"1324768","Dunwoody, GA","City",51458,"Georgia","DeKalb County","Atlanta-Sandy Springs-Alpharetta, GA"
"4770580","Spring Hill, TN","City",51319,"Tennessee","Maury County","Nashville-Davidson--Murfreesboro--Franklin, TN"
"0655184","Palm Desert, CA","City",51290,"California","Riverside County","Riverside-San Bernardino-Ontario, CA"
"4716420","Collierville, TN","City",51170,"Tennessee","Shelby County","Memphis, TN-MS-AR"
"1214895","Country Club, FL","City",50975,"Florida","Miami-Dade County","Miami-Fort Lauderdale-Pompano Beach, FL"
"1849932","Mishawaka, IN","City",50899,"Indiana","St. Joseph County","South Bend-Mishawaka, IN-MI"
"1814734","Columbus, IN","City",50896,"Indiana","Bartholomew County","Columbus, IN"
"1278275","Winter Haven, FL","City",50778,"Florida","Polk County","Lakeland-Winter Haven, FL"
"4830644","Grapevine, TX","City",50763,"Texas","Tarrant County","Dallas-Fort Worth-Arlington, TX"
"4953230","Murray, UT","City",50041,"Utah","Salt Lake County","Salt Lake City, UT"
"3744220","Mooresville, NC","City",50025,"North Carolina","Iredell County","Charlotte-Concord-Gastonia, NC-SC"
"1720591","Downers Grove, IL","City",49996,"Illinois","DuPage County","Chicago-Naperville-Elgin, IL-IN-WI"
"1838358","Jeffersonville, IN","City",49771,"Indiana","Clark County","Louisville/Jefferson County, KY-IN"
"2456337","North Bethesda, MD","City",49763,"Maryland","Montgomery County","Washington-Arlington-Alexandria, DC-VA-MD-WV"
"1214250","Coral Gables, FL","City",49696,"Florida","Miami-Dade County","Miami-Fort Lauderdale-Pompano Beach, FL"
"2757220","St. Louis Park, MN","City",49500,"Minnesota","Hennepin County","Minneapolis-St. Paul-Bloomington, MN-WI"
"4807132","Bedford, TX","City",49455,"Texas","Tarrant County","Dallas-Fort Worth-Arlington, TX"
"3922694","Dublin, OH","City",48893,"Ohio","Franklin County","Columbus, OH"
"2521990","Everett, MA","City",48685,"Massachusetts","Middlesex County","Boston-Cambridge-Newton, MA-NH"
"4839952","Kyle, TX","City",48484,"Texas","Hays County","Austin-Round Rock-Georgetown, TX"
"2831020","Hattiesburg, MS","City",48466,"Mississippi","Forrest County","Hattiesburg, MS"
"5144984","Leesburg, VA","City",48465,"Virginia","Loudoun County","Washington-Arlington-Alexandria, DC-VA-MD-WV"
"4843012","Little Elm, TX","City",48241,"Texas","Denton County","Dallas-Fort Worth-Arlington, TX"
"0947290","Middletown, CT","City",48152,"Connecticut","Middlesex County","Hartford-East Hartford-Middletown, CT"
"5307380","Bothell, WA","City",47917,"Washington","King County","Seattle-Tacoma-Bellevue, WA"
"0659587","Rancho Santa Margarita, CA","City",47702,"California","Orange County","Los Angeles-Long Beach-Anaheim, CA"
"0608100","Brea, CA","City",47099,"California","Orange County","Los Angeles-Long Beach-Anaheim, CA"
"0457450","Prescott Valley, AZ","City",47015,"Arizona","Yavapai County","Prescott Valley-Prescott, AZ"
"5114968","Charlottesville, VA","City",46289,"Virginia","Charlottesville city","Charlottesville, VA"
"1200950","Altamonte Springs, FL","City",45772,"Florida","Seminole County","Orlando-Kissimmee-Sanford, FL"
"4831928","Haltom City, TX","City",45771,"Texas","Tarrant County","Dallas-Fort Worth-Arlington, TX"
"3428680","Hackensack, NJ","City",45758,"New Jersey","Bergen County","New York-Newark-Jersey City, NY-NJ-PA"
"1979950","Urbandale, IA","City",45591,"Iowa","Polk County","Des Moines-West Des Moines, IA"
"0845255","Littleton, CO","City",45531,"Colorado","Arapahoe County","Denver-Aurora-Lakewood, CO"
"5103320","Ashburn, VA","City",45479,"Virginia","Loudoun County","Washington-Arlington-Alexandria, DC-VA-MD-WV"
"0466820","Sierra Vista, AZ","City",45212,"Arizona","Cochise County","Sierra Vista-Douglas, AZ"
"2458300","Odenton, MD","City",45026,"Maryland","Anne Arundel County","Baltimore-Columbia-Towson, MD"
"3925970","Fairfield, OH","City",44602,"Ohio","Butler County","Cincinnati, OH-KY-IN"
"4872530","The Colony, TX","City",44323,"Texas","Denton County","Dallas-Fort Worth-Arlington, TX"
"1744407","Lombard, IL","City",44055,"Illinois","DuPage County","Chicago-Naperville-Elgin, IL-IN-WI"
"4867496","Sherman, TX","City",44052,"Texas","Grayson County","Sherman-Denison, TX"
"5307695","Bremerton, WA","City",43983,"Washington","Kitsap County","Bremerton-Silverdale-Port Orchard, WA"
"3731060","Hickory, NC","City",43352,"North Carolina","Catawba County","Hickory-Lenoir-Morganton, NC"
"1249475","North Miami Beach, FL","City",43269,"Florida","Miami-Dade County","Miami-Fort Lauderdale-Pompano Beach, FL"
"0665028","San Bruno, CA","City",43218,"California","San Mateo County","San Francisco-Oakland-Berkeley, CA"
"1331908","Gainesville, GA","City",42780,"Georgia","Hall County","Gainesville, GA"
"5148952","Manassas, VA","City",42620,"Virginia","Manassas city","Washington-Arlington-Alexandria, DC-VA-MD-WV"
"5187312","Woodbridge, VA","City",42619,"Virginia","Prince William County","Washington-Arlington-Alexandria, DC-VA-MD-WV"
"5356695","Puyallup, WA","City",42610,"Washington","Pierce County","Seattle-Tacoma-Bellevue, WA"
"4816612","Coppell, TX","City",42513,"Texas","Dallas County","Dallas-Fort Worth-Arlington, TX"
"4716540","Columbia, TN","City",42474,"Tennessee","Maury County","Nashville-Davidson--Murfreesboro--Franklin, TN"
"5101912","Annandale, VA","City",42330,"Virginia","Fairfax County","Washington-Arlington-Alexandria, DC-VA-MD-WV"
"1359735","Peachtree Corners, GA","City",42147,"Georgia","Gwinnett County","Atlanta-Sandy Springs-Alpharetta, GA"
"40540","Rock Springs, WY","Metro",42079,"","","Rock Springs, WY"
"56037","Sweetwater County, WY","County",42079,"Wyoming","Sweetwater County","Rock Springs, WY"
"4876816","Waxahachie, TX","City",41801,"Texas","Ellis County","Dallas-Fort Worth-Arlington, TX"
"2117848","Covington, KY","City",40923,"Kentucky","Kenton County","Cincinnati, OH-KY-IN"
"2401600","Annapolis, MD","City",40719,"Maryland","Anne Arundel County","Baltimore-Columbia-Towson, MD"
"4140550","Lake Oswego, OR","City",40457,"Oregon","Clackamas County","Portland-Vancouver-Hillsboro, OR-WA"
"0617568","Culver City, CA","City",40357,"California","Los Angeles County","Los Angeles-Long Beach-Anaheim, CA"
"1765442","Romeoville, IL","City",40132,"Illinois","Will County","Chicago-Naperville-Elgin, IL-IN-WI"
"4835576","Hurst, TX","City",40053,"Texas","Tarrant County","Dallas-Fort Worth-Arlington, TX"
"5340840","Lynnwood, WA","City",39867,"Washington","Snohomish County","Seattle-Tacoma-Bellevue, WA"
"3424420","Fort Lee, NJ","City",39799,"New Jersey","Bergen County","New York-Newark-Jersey City, NY-NJ-PA"
"1711332","Carol Stream, IL","City",39656,"Illinois","DuPage County","Chicago-Naperville-Elgin, IL-IN-WI"
"4741520","Lebanon, TN","City",39562,"Tennessee","Wilson County","Nashville-Davidson--Murfreesboro--Franklin, TN"
"5333805","Issaquah, WA","City",39400,"Washington","King County","Seattle-Tacoma-Bellevue, WA"
"1781087","Wheeling, IL","City",38823,"Illinois","Cook County","Chicago-Naperville-Elgin, IL-IN-WI"
"1359724","Peachtree City, GA","City",38414,"Georgia","Fayette County","Atlanta-Sandy Springs-Alpharetta, GA"
"1216875","DeLand, FL","City",38392,"Florida","Volusia County","Deltona-Daytona Beach-Ormond Beach, FL"
"1278325","Winter Springs, FL","City",38205,"Florida","Seminole County","Orlando-Kissimmee-Sanford, FL"
"0854330","Northglenn, CO","City",37948,"Colorado","Adams County","Denver-Aurora-Lakewood, CO"
"0648648","Monrovia, CA","City",37656,"California","Los Angeles County","Los Angeles-Long Beach-Anaheim, CA"
"1377652","Tucker, GA","City",36994,"Georgia","DeKalb County","Atlanta-Sandy Springs-Alpharetta, GA"
"2754214","Richfield, MN","City",36809,"Minnesota","Hennepin County","Minneapolis-St. Paul-Bloomington, MN-WI"
"3935476","Hilliard, OH","City",36103,"Ohio","Franklin County","Columbus, OH"
"2755852","Roseville, MN","City",36066,"Minnesota","Ramsey County","Minneapolis-St. Paul-Bloomington, MN-WI"
"4825452","Farmers Branch, TX","City",35985,"Texas","Dallas County","Dallas-Fort Worth-Arlington, TX"
"5578600","Sun Prairie, WI","City",35847,"Wisconsin","Dane County","Madison, WI"
"4841440","La Porte, TX","City",35782,"Texas","Harris County","Houston-The Woodlands-Sugar Land, TX"
"4254656","Norristown, PA","City",35712,"Pennsylvania","Montgomery County","Philadelphia-Camden-Wilmington, PA-NJ-DE-MD"
"4949710","Midvale, UT","City",35609,"Utah","Salt Lake County","Salt Lake City, UT"
"5377105","Wenatchee, WA","City",35365,"Washington","Chelan County","Wenatchee, WA"
"0684410","West Hollywood, CA","City",35358,"California","Los Angeles County","Los Angeles-Long Beach-Anaheim, CA"
"1323900","Douglasville, GA","City",35252,"Georgia","Douglas County","Atlanta-Sandy Springs-Alpharetta, GA"
"2573440","Watertown Town, MA","City",35181,"Massachusetts","Middlesex County","Boston-Cambridge-Newton, MA-NH"
"1384176","Woodstock, GA","City",35171,"Georgia","Cherokee County","Atlanta-Sandy Springs-Alpharetta, GA"
"5126875","Fair Oaks, VA","City",35130,"Virginia","Fairfax County","Washington-Arlington-Alexandria, DC-VA-MD-WV"
"2459425","Owings Mills, MD","City",34999,"Maryland","Baltimore County","Baltimore-Columbia-Towson, MD"
"0657764","Pleasant Hill, CA","City",34504,"California","Contra Costa County","San Francisco-Oakland-Berkeley, CA"
"1254700","Panama City, FL","City",34254,"Florida","Bay County","Panama City, FL"
"0824785","Englewood, CO","City",33634,"Colorado","Arapahoe County","Denver-Aurora-Lakewood, CO"
"1343192","Kennesaw, GA","City",33360,"Georgia","Cobb County","Atlanta-Sandy Springs-Alpharetta, GA"
"0884440","Wheat Ridge, CO","City",32263,"Colorado","Jefferson County","Denver-Aurora-Lakewood, CO"
"4876864","Weatherford, TX","City",32168,"Texas","Parker County","Dallas-Fort Worth-Arlington, TX"
"4500550","Aiken, SC","City",32014,"South Carolina","Aiken County","Augusta-Richmond County, GA-SC"
"4815364","Cleburne, TX","City",31849,"Texas","Johnson County","Dallas-Fort Worth-Arlington, TX"
"1324600","Duluth, GA","City",31742,"Georgia","Gwinnett County","Atlanta-Sandy Springs-Alpharetta, GA"
"1216335","Dania Beach, FL","City",31700,"Florida","Broward County","Miami-Fort Lauderdale-Pompano Beach, FL"
"3725480","Garner, NC","City",31684,"North Carolina","Wake County","Raleigh-Cary, NC"
"3714700","Cornelius, NC","City",31396,"North Carolina","Mecklenburg County","Charlotte-Concord-Gastonia, NC-SC"
"2550285","Norwood, MA","City",31343,"Massachusetts","Norfolk County","Boston-Cambridge-Newton, MA-NH"
"1344340","LaGrange, GA","City",31173,"Georgia","Troup County","LaGrange, GA-AL"
"1050670","Newark, DE","City",30655,"Delaware","New Castle County","Philadelphia-Camden-Wilmington, PA-NJ-DE-MD"
"1345488","Lawrenceville, GA","City",30465,"Georgia","Gwinnett County","Atlanta-Sandy Springs-Alpharetta, GA"
"4866644","Seguin, TX","City",30318,"Texas","Guadalupe County","San Antonio-New Braunfels, TX"
"1315172","Chamblee, GA","City",29980,"Georgia","DeKalb County","Atlanta-Sandy Springs-Alpharetta, GA"
"5525950","Fitchburg, WI","City",29826,"Wisconsin","Dane County","Madison, WI"
"3744520","Morrisville, NC","City",29756,"North Carolina","Wake County","Raleigh-Cary, NC"
"3741960","Matthews, NC","City",29613,"North Carolina","Mecklenburg County","Charlotte-Concord-Gastonia, NC-SC"
"2445900","Laurel, MD","City",29581,"Maryland","Prince George's County","Washington-Arlington-Alexandria, DC-VA-MD-WV"
"1348624","McDonough, GA","City",29134,"Georgia","Henry County","Atlanta-Sandy Springs-Alpharetta, GA"
"1373704","Stockbridge, GA","City",28858,"Georgia","Henry County","Atlanta-Sandy Springs-Alpharetta, GA"
"3665255","Saratoga Springs, NY","City",28505,"New York","Saratoga County","Albany-Schenectady-Troy, NY"
"5129744","Fredericksburg, VA","City",28258,"Virginia","Fredericksburg city","Washington-Arlington-Alexandria, DC-VA-MD-WV"
"51630","Fredericksburg County, VA","County",28258,"Virginia","Fredericksburg city","Washington-Arlington-Alexandria, DC-VA-MD-WV"
"2946586","Maryland Heights, MO","City",28099,"Missouri","St. Louis County","St. Louis, MO-IL"
"2747680","Oakdale, MN","City",28029,"Minnesota","Washington County","Minneapolis-St. Paul-Bloomington, MN-WI"
"4174950","Tualatin, OR","City",27804,"Oregon","Washington County","Portland-Vancouver-Hillsboro, OR-WA"
"5179950","Tysons Corner, VA","City",27617,"Virginia","Fairfax County","Washington-Arlington-Alexandria, DC-VA-MD-WV"
"3735600","Kernersville, NC","City",27177,"North Carolina","Forsyth County","Winston-Salem, NC"
"1254450","Palm Springs, FL","City",26692,"Florida","Palm Beach County","Miami-Fort Lauderdale-Pompano Beach, FL"
"4971070","South Salt Lake, UT","City",26315,"Utah","Salt Lake County","Salt Lake City, UT"
"4182800","Wilsonville, OR","City",25992,"Oregon","Clackamas County","Portland-Vancouver-Hillsboro, OR-WA"
"2475725","Suitland, MD","City",25839,"Maryland","Prince George's County","Washington-Arlington-Alexandria, DC-VA-MD-WV"
"4826604","Forney, TX","City",25269,"Texas","Kaufman County","Dallas-Fort Worth-Arlington, TX"
"2425750","Elkridge, MD","City",25251,"Maryland","Howard County","Baltimore-Columbia-Towson, MD"
"1982695","Waukee, IA","City",25045,"Iowa","Dallas County","Des Moines-West Des Moines, IA"
"2434775","Greenbelt, MD","City",24646,"Maryland","Prince George's County","Washington-Arlington-Alexandria, DC-VA-MD-WV"
"2604105","Auburn Hills, MI","City",24593,"Michigan","Oakland County","Detroit-Warren-Dearborn, MI"
"3913190","Centerville, OH","City",24510,"Ohio","Montgomery County","Dayton-Kettering, OH"
"5136648","Herndon, VA","City",24456,"Virginia","Fairfax County","Washington-Arlington-Alexandria, DC-VA-MD-WV"
"2445325","Landover, MD","City",24430,"Maryland","Prince George's County","Washington-Arlington-Alexandria, DC-VA-MD-WV"
"4239736","King of Prussia, PA","City",24423,"Pennsylvania","Montgomery County","Philadelphia-Camden-Wilmington, PA-NJ-DE-MD"
"5126496","Fairfax, VA","City",24242,"Virginia","Fairfax city","Washington-Arlington-Alexandria, DC-VA-MD-WV"
"3138295","Papillion, NE","City",24016,"Nebraska","Sarpy County","Omaha-Council Bluffs, NE-IA"
"5667235","Rock Springs, WY","City",23361,"Wyoming","Sweetwater County","Rock Springs, WY"
"2418250","Cockeysville, MD","City",23246,"Maryland","Baltimore County","Baltimore-Columbia-Towson, MD"
"0609598","Calabasas, CA","City",23106,"California","Los Angeles County","Los Angeles-Long Beach-Anaheim, CA"
"2567700","Stoneham, MA","City",22992,"Massachusetts","Middlesex County","Boston-Cambridge-Newton, MA-NH"
"5147064","Lorton, VA","City",22049,"Virginia","Fairfax County","Washington-Arlington-Alexandria, DC-VA-MD-WV"
"5364365","Silverdale, WA","City",21774,"Washington","Kitsap County","Bremerton-Silverdale-Port Orchard, WA"
"2233245","Harvey, LA","City",21485,"Louisiana","Jefferson Parish","New Orleans-Metairie, LA"
"5347490","Mountlake Terrace, WA","City",21350,"Washington","Snohomish County","Seattle-Tacoma-Bellevue, WA"
"1374936","Suwanee, GA","City",21238,"Georgia","Gwinnett County","Atlanta-Sandy Springs-Alpharetta, GA"
"2441250","Hyattsville, MD","City",20851,"Maryland","Prince George's County","Washington-Arlington-Alexandria, DC-VA-MD-WV"
"2769700","West St. Paul, MN","City",20820,"Minnesota","Dakota County","Minneapolis-St. Paul-Bloomington, MN-WI"
"3961028","Parma Heights, OH","City",20706,"Ohio","Cuyahoga County","Cleveland-Elyria, OH"
"0830835","Golden, CO","City",20461,"Colorado","Jefferson County","Denver-Aurora-Lakewood, CO"
"2689140","Ypsilanti, MI","City",20204,"Michigan","Washtenaw County","Ann Arbor, MI"
"4874408","Universal City, TX","City",19798,"Texas","Bexar County","San Antonio-New Braunfels, TX"
"1242575","Maitland, FL","City",19266,"Florida","Orange County","Orlando-Kissimmee-Sanford, FL"
"3430210","Harrison, NJ","City",19217,"New Jersey","Hudson County","New York-Newark-Jersey City, NY-NJ-PA"
"4282704","West Chester, PA","City",19016,"Pennsylvania","Chester County","Philadelphia-Camden-Wilmington, PA-NJ-DE-MD"
"2730140","Hopkins, MN","City",18752,"Minnesota","Hennepin County","Minneapolis-St. Paul-Bloomington, MN-WI"
"4809160","Boerne, TX","City",18475,"Texas","Kendall County","San Antonio-New Braunfels, TX"
"1254725","Panama City Beach, FL","City",18281,"Florida","Bay County","Panama City, FL"
"1355776","Norcross, GA","City",17530,"Georgia","Gwinnett County","Atlanta-Sandy Springs-Alpharetta, GA"
"1319336","Conyers, GA","City",17415,"Georgia","Rockdale County","Atlanta-Sandy Springs-Alpharetta, GA"
"2432350","Glassmanor, MD","City",17353,"Maryland","Prince George's County","Washington-Arlington-Alexandria, DC-VA-MD-WV"
"4801240","Addison, TX","City",17026,"Texas","Dallas County","Dallas-Fort Worth-Arlington, TX"
"4835348","Humble, TX","City",16563,"Texas","Harris County","Houston-The Woodlands-Sugar Land, TX"
"5131200","Glen Allen, VA","City",16246,"Virginia","Henrico County","Richmond, VA"
"1346832","Lithia Springs, GA","City",16020,"Georgia","Douglas County","Atlanta-Sandy Springs-Alpharetta, GA"
"0833035","Greenwood Village, CO","City",15537,"Colorado","Arapahoe County","Denver-Aurora-Lakewood, CO"
"0845955","Lone Tree, CO","City",13993,"Colorado","Douglas County","Denver-Aurora-Lakewood, CO"
"3904500","Beachwood, OH","City",13846,"Ohio","Cuyahoga County","Cleveland-Elyria, OH"
"5379590","Woodinville, WA","City",13301,"Washington","King County","Seattle-Tacoma-Bellevue, WA"
"0875640","Superior, CO","City",13146,"Colorado","Boulder County","Boulder, CO"
"5348645","Newcastle, WA","City",12931,"Washington","King County","Seattle-Tacoma-Bellevue, WA"
"0622594","Emeryville, CA","City",12840,"California","Alameda County","San Francisco-Oakland-Berkeley, CA"
"4873316","Tomball, TX","City",12630,"Texas","Harris County","Houston-The Woodlands-Sugar Land, TX"
"4876948","Webster, TX","City",12297,"Texas","Harris County","Houston-The Woodlands-Sugar Land, TX"
"1211285","Celebration, FL","City",12030,"Florida","Osceola County","Orlando-Kissimmee-Sanford, FL"
"2429000","Forestville, MD","City",10291,"Maryland","Prince George's County","Washington-Arlington-Alexandria, DC-VA-MD-WV"
"4807156","Bee Cave, TX","City",8771,"Texas","Travis County","Austin-Round Rock-Georgetown, TX"
"4837612","Jersey Village, TX","City",7763,"Texas","Harris County","Houston-The Woodlands-Sugar Land, TX"
"1373816","Stone Mountain, GA","City",6638,"Georgia","DeKalb County","Atlanta-Sandy Springs-Alpharetta, GA"
"4224440","Exton, PA","City",6272,"Pennsylvania","Chester County","Philadelphia-Camden-Wilmington, PA-NJ-DE-MD"
"1357260","Oakwood, GA","City",5132,"Georgia","Hall County","Gainesville, GA"
"0830340","Glendale, CO","City",4580,"Colorado","Arapahoe County","Denver-Aurora-Lakewood, CO"
